Obra|DataUltimaAuditoria|ValorInicialContratado|ValorAditado|DespesaPaga|ValorTotal
2668|2017-11-14T00:00:00|829993.88|0.00|697054.91|829993.88
2669|2017-11-14T00:00:00|467835.65|116958.91|422433.37|584794.56
2670|2017-11-14T00:00:00|0.00|0.00|0.00|0.00
2671|2017-11-14T00:00:00|818523.43|0.00|742520.90|818523.43
2674|2017-07-03T00:00:00|3283858.19|0.00|2850183.54|3283858.19
2677|2017-12-20T00:00:00|13716.88|2608.51|16325.39|16325.39
2678|2017-11-30T00:00:00|4733678.01|1183408.62|12424667.84|5917086.63
2679|2017-11-30T00:00:00|2224016.39|0.00|2224016.39|2224016.39
2681|2018-04-10T00:00:00|247707.05|0.00|247707.05|247707.05
2683|2018-03-26T00:00:00|132610.49|0.00|131283.65|132610.49
2684|2018-03-09T00:00:00|226336.36|47311.89|272525.93|273648.25
2686|2018-04-19T00:00:00|878187.24|0.00|891398.06|878187.24
2687|2019-04-29T00:00:00|3950297.70|334837.85|3522909.81|4285135.55
2689|2018-01-22T00:00:00|1454000.00|0.00|442650.00|1454000.00
2692|2018-02-23T00:00:00|299018.42|313589.54|319018.42|612607.96
2694|2018-01-25T00:00:00|1218960.78|0.00|968103.01|1218960.78
2695|2016-02-22T00:00:00|832496.33|0.00|0.00|832496.33
2696|2016-02-22T00:00:00|794563.13|0.00|0.00|794563.13
2697|2016-02-22T00:00:00|409389.18|34176.29|0.00|443565.47
2698|2016-02-22T00:00:00|164106.72|18730.87|0.00|182837.59
2699|2016-02-22T00:00:00|292338.60|17549.66|0.00|309888.26
2700|2016-02-22T00:00:00|508316.80|0.00|0.00|508316.80
2701|2016-02-22T00:00:00|1325576.25|101584.35|0.00|1427160.60
2703|2016-02-22T00:00:00|508304.92|0.00|0.00|508304.92
2704|2016-02-22T00:00:00|653701.02|0.00|0.00|653701.02
2707|2018-02-20T00:00:00|113196.19|0.00|0.00|113196.19
2709|2018-03-13T00:00:00|25056362.90|0.00|10271028.21|25056362.90
2716|2018-03-01T00:00:00|79889.87|0.00|45018.10|79889.87
2717|2018-03-07T00:00:00|1144664.15|0.00|0.00|1144664.15
2718|2018-03-07T00:00:00|478075.35|0.00|0.00|478075.35
2719|2018-03-07T00:00:00|342443.76|0.00|0.00|342443.76
2720|2018-03-07T00:00:00|311397.83|0.00|0.00|311397.83
2721|2018-03-07T00:00:00|207127.57|0.00|0.00|207127.57
2722|2018-03-07T00:00:00|202394.69|0.00|0.00|202394.69
2723|2018-03-07T00:00:00|217753.22|0.00|0.00|217753.22
2724|2018-03-07T00:00:00|156438.14|0.00|0.00|156438.14
2725|2018-03-07T00:00:00|147031.19|0.00|0.00|147031.19
2726|2018-03-07T00:00:00|147031.19|0.00|0.00|147031.19
2727|2018-03-07T00:00:00|141095.00|0.00|0.00|141095.00
2728|2018-03-07T00:00:00|102000.00|0.00|0.00|102000.00
2729|2018-03-07T00:00:00|68000.00|0.00|0.00|68000.00
2730|2018-03-07T00:00:00|58996.78|0.00|0.00|58996.78
2731|2018-03-07T00:00:00|46026.91|0.00|0.00|46026.91
2732|2018-03-07T00:00:00|0.00|0.00|0.00|0.00
2733|2018-04-19T00:00:00|986743.35|0.00|368815.04|986743.35
2734|2018-04-19T00:00:00|406445.15|0.00|127145.12|406445.15
2735|2018-04-19T00:00:00|408007.37|0.00|0.00|408007.37
2736|2018-02-20T00:00:00|442567.54|0.00|0.00|442567.54
2737|2018-02-20T00:00:00|364690.30|0.00|0.00|364690.30
2738|2018-02-20T00:00:00|306162.63|0.00|0.00|306162.63
2740|2018-03-01T00:00:00|44715.38|0.00|35125.08|44715.38
2741|2018-05-04T00:00:00|520086.68|24235.61|298583.53|544322.29
2742|2018-05-04T00:00:00|318671.35|67361.62|184331.37|386032.97
2743|2018-05-04T00:00:00|568073.38|0.00|158702.10|568073.38
2744|2019-07-05T00:00:00|581438.21|0.00|513454.51|581438.21
2745|2018-05-04T00:00:00|10643319.29|0.00|845381.39|10643319.29
2746|2019-07-05T00:00:00|272740.42|0.00|215653.93|272740.42
2747|2019-04-12T00:00:00|294176.96|0.00|289544.70|294176.96
2748|2018-03-22T00:00:00|8000.00|0.00|0.00|8000.00
2751|2018-02-20T00:00:00|182008.72|0.00|0.00|182008.72
2752|2018-05-08T00:00:00|26574446.75|-1116922.36|79849.41|25457524.39
2753|2018-04-03T00:00:00|63233.56|0.00|93317.43|63233.56
2754|2018-04-03T00:00:00|64846.75|0.00|56448.93|64846.75
2755|2018-04-03T00:00:00|343478.55|0.00|424002.00|343478.55
2756|2018-04-03T00:00:00|149835.98|37295.81|187131.79|187131.79
2757|2018-04-03T00:00:00|125920.63|30866.75|156706.68|156787.38
2758|2018-04-03T00:00:00|98763.46|0.00|65702.69|98763.46
2759|2018-04-03T00:00:00|128421.70|39131.86|167543.11|167553.56
2760|2018-04-03T00:00:00|11960.34|0.00|11960.34|11960.34
2761|2018-04-03T00:00:00|21600.00|0.00|35656.00|21600.00
2762|2018-04-03T00:00:00|47669.59|8663.40|38358.46|56332.99
2763|2018-04-03T00:00:00|116763.20|0.00|70068.19|116763.20
2764|2018-04-03T00:00:00|54727.80|13640.00|68327.40|68367.80
2765|2018-04-03T00:00:00|147101.94|36670.82|178564.60|183772.76
2766|2018-04-03T00:00:00|96237.54|30978.42|124406.10|127215.96
2767|2018-04-03T00:00:00|14377.71|0.00|14513.23|14377.71
2768|2018-04-03T00:00:00|14263.92|0.00|14263.92|14263.92
2769|2018-04-03T00:00:00|50030.67|12373.57|62404.24|62404.24
2770|2018-04-03T00:00:00|145641.70|0.00|99536.78|145641.70
2771|2018-04-03T00:00:00|41500.00|0.00|40265.50|41500.00
2772|2018-04-03T00:00:00|13989.64|0.00|13989.64|13989.64
2773|2018-05-04T00:00:00|940312.00|0.00|119209.82|940312.00
2774|2018-05-17T00:00:00|27483358.91|-268054.40|10278101.12|27215304.51
2776|2018-03-22T00:00:00|14000.00|0.00|0.00|14000.00
2777|2018-03-28T00:00:00|148720.00|0.00|6935.00|148720.00
2778|2018-03-28T00:00:00|4500.00|0.00|6300.00|4500.00
2779|2018-04-12T00:00:00|13582.00|33955.00|16597.49|47537.00
2780|2017-08-15T00:00:00|840356.33|0.00|378422.35|840356.33
2781|2018-05-04T00:00:00|439218.81|0.00|80268.26|439218.81
2782|2017-09-15T00:00:00|1288068.10|0.00|1284553.24|1288068.10
2783|2018-04-11T00:00:00|2945428.80|0.00|1043479.81|2945428.80
2784|2018-05-09T00:00:00|1582186.63|0.00|0.00|1582186.63
2785|2018-05-08T00:00:00|216308.36|0.00|0.00|216308.36
2786|2018-05-10T00:00:00|1021342.60|0.00|0.00|1021342.60
2787|2018-05-10T00:00:00|42894.19|0.00|0.00|42894.19
2788|2018-05-10T00:00:00|66196.78|0.00|0.00|66196.78
2789|2018-05-16T00:00:00|309115.03|0.00|193726.06|309115.03
2790|2018-05-16T00:00:00|149050.63|0.00|65575.84|149050.63
2791|2018-05-16T00:00:00|287946.54|0.00|60506.74|287946.54
2793|2018-05-23T00:00:00|499548.59|0.00|499548.59|499548.59
2795|2018-05-23T00:00:00|403053.09|0.00|403053.09|403053.09
2799|2018-04-12T00:00:00|337301.08|0.00|0.00|337301.08
2800|2018-03-28T00:00:00|183239.30|45775.03|93432.48|229014.33
2801|2018-03-14T00:00:00|140400.00|0.00|47293.39|140400.00
2802|2018-03-16T00:00:00|535980.29|0.00|204701.98|535980.29
2803|2018-03-16T00:00:00|450133.15|0.00|248145.59|450133.15
2806||3237237.30|0.00|195115.22|3237237.30
2807|2016-12-21T00:00:00|348050.58|138374.18|463050.58|486424.76
2809|2018-05-08T00:00:00|14895626.10|0.00|5217994.78|14895626.10
2810|2016-12-21T00:00:00|772441.62|57009.52|138380.75|829451.14
2811|2016-12-21T00:00:00|698750.00|0.00|747765.00|698750.00
2812|2016-12-21T00:00:00|114665.60|0.00|30586.47|114665.60
2814|2018-06-06T00:00:00|2270123.09|4815221.12|5356050.07|7085344.21
2815|2018-06-08T00:00:00|529181.38|0.00|0.00|529181.38
2816|2018-06-08T00:00:00|550000.62|0.00|0.00|550000.62
2817|2018-06-01T00:00:00|1108189.08|0.00|0.00|1108189.08
2818|2018-06-01T00:00:00|847017.83|0.00|0.00|847017.83
2820|2018-06-08T00:00:00|4415328.74|912990.34|11209571.30|5328319.08
2821|2018-06-01T00:00:00|610200.00|0.00|62375.00|610200.00
2824|2018-06-08T00:00:00|2324133.00|0.00|258343.94|2324133.00
2825|2018-06-07T00:00:00|3285972.56|0.00|1783078.14|3285972.56
2826|2019-02-22T00:00:00|193786.35|0.00|191382.35|193786.35
2827|2019-04-12T00:00:00|345293.63|0.00|314544.14|345293.63
2828|2019-04-12T00:00:00|269544.86|0.00|247857.64|269544.86
2829|2019-07-05T00:00:00|283148.68|0.00|272342.71|283148.68
2830|2019-07-05T00:00:00|257224.09|0.00|247797.24|257224.09
2831|2018-07-12T00:00:00|460411.68|0.00|441605.06|460411.68
2832|2018-07-02T00:00:00|4560000.00|-196392.00|3563608.00|4363608.00
2834|2018-12-28T00:00:00|1577308.32|0.00|1404547.85|1577308.32
2835|2018-06-15T00:00:00|732530.19|0.00|217129.12|732530.19
2838|2018-06-07T00:00:00|1288111.06|0.00|240848.29|1288111.06
2839|2018-06-07T00:00:00|1958890.75|107552.12|571024.70|2066442.87
2843||2600000.00|0.00|0.00|2600000.00
2846|2018-07-12T00:00:00|78060.00|0.00|78060.00|78060.00
2847|2018-07-05T00:00:00|507390.63|0.00|0.00|507390.63
2850|2018-07-05T00:00:00|335360.01|0.00|0.00|335360.01
2851|2018-07-05T00:00:00|230275.79|0.00|0.00|230275.79
2852|2018-06-07T00:00:00|200787.12|0.00|0.00|200787.12
2853|2018-07-26T00:00:00|732613.89|2402832.45|3135446.34|3135446.34
2855|2018-07-19T00:00:00|145111.97|0.00|0.00|145111.97
2857|2018-07-19T00:00:00|106275.43|0.00|0.00|106275.43
2858|2018-07-19T00:00:00|63249.34|0.00|0.00|63249.34
2859|2018-07-19T00:00:00|144381.45|0.00|0.00|144381.45
2860|2018-07-19T00:00:00|139075.54|0.00|0.00|139075.54
2861|2019-05-09T00:00:00|98965389.94|4688149.70|39168617.90|103653539.64
2864|2017-12-20T00:00:00|6079441.43|1189989.91|2791556.45|7269431.34
2865|2019-09-27T00:00:00|48874156.76|0.00|10203887.47|48874156.76
2867|2017-12-20T00:00:00|1072396.33|176472.90|481483.47|1248869.23
2868|2017-12-20T00:00:00|515000.04|0.00|85833.34|515000.04
2869||9184429.31|0.00|4830556.85|9184429.31
2870|2019-08-16T00:00:00|50975278.70|0.00|4571985.25|50975278.70
2871|2018-12-06T00:00:00|15235398.29|0.00|1603772.68|15235398.29
2872|2018-12-06T00:00:00|88450976.37|13529349.50|49741096.37|101980325.87
2873|2018-12-06T00:00:00|4313306.26|0.00|3480085.30|4313306.26
2876|2018-07-12T00:00:00|1644909.90|0.00|1544990.87|1644909.90
2877|2018-07-12T00:00:00|12150000.00|-3037500.00|11990846.16|9112500.00
2880|2018-07-11T00:00:00|11411563.65|0.00|3583210.93|11411563.65
2884|2018-07-26T00:00:00|2290771.17|875932.15|3166703.32|3166703.32
2886|2018-08-17T00:00:00|2500188.05|0.00|609051.16|2500188.05
2887|2019-02-07T00:00:00|79209.99|0.00|0.00|79209.99
2890|2019-02-22T00:00:00|171819.44|0.00|171819.16|171819.44
2891|2019-04-12T00:00:00|252055.16|0.00|247482.68|252055.16
2892|2019-07-05T00:00:00|105082.04|0.00|104227.76|105082.04
2893|2019-04-12T00:00:00|137527.85|0.00|137074.52|137527.85
2894|2019-02-22T00:00:00|210012.20|0.00|208119.24|210012.20
2895|2018-09-21T00:00:00|142362.95|0.00|141712.39|142362.95
2896|2019-02-22T00:00:00|393023.96|0.00|387827.10|393023.96
2898|2018-08-31T00:00:00|554419.20|0.00|474639.14|554419.20
2905|2018-04-12T00:00:00|0.00|0.00|0.00|0.00
2906|2018-07-12T00:00:00|3533978.13|0.00|2318270.76|3533978.13
2907|2018-07-12T00:00:00|300011.45|0.00|211057.48|300011.45
2908|2018-07-12T00:00:00|453310.36|0.00|473540.29|453310.36
2909|2018-07-12T00:00:00|146346.57|8019.72|151479.98|154366.29
2910|2018-08-20T00:00:00|0.00|0.00|0.00|0.00
2915|2018-08-03T00:00:00|1545751.61|188503.00|1195676.56|1734254.61
2916|2018-08-03T00:00:00|421862.59|79835.64|470441.23|501698.23
2917|2018-08-03T00:00:00|643891.94|28138.10|585702.35|672030.04
2920|2018-02-15T00:00:00|0.00|0.00|0.00|0.00
2922|2019-04-12T00:00:00|143853.58|0.00|141660.73|143853.58
2923|2018-02-27T00:00:00|0.00|0.00|0.00|0.00
2924|2018-03-28T00:00:00|0.00|0.00|0.00|0.00
2925|2019-06-14T00:00:00|1782649.64|0.00|527832.95|1782649.64
2926|2018-08-13T00:00:00|0.00|0.00|0.00|0.00
2927|2019-06-14T00:00:00|354000.00|0.00|31860.00|354000.00
2928|2018-08-03T00:00:00|2997275.16|891991.38|2299406.76|3889266.54
2929|2018-08-20T00:00:00|0.00|0.00|0.00|0.00
2930|2019-06-14T00:00:00|0.00|0.00|0.00|0.00
2931|2019-06-14T00:00:00|994804.38|229050.48|1223854.86|1223854.86
2932|2019-05-22T00:00:00|742931.43|0.00|709331.66|742931.43
2933|2018-05-18T00:00:00|0.00|0.00|0.00|0.00
2934|2018-04-13T00:00:00|0.00|0.00|0.00|0.00
2935|2018-05-08T00:00:00|0.00|0.00|0.00|0.00
2936|2018-08-03T00:00:00|2155474.81|53000.03|1963166.43|2208474.84
2937|2018-08-03T00:00:00|1963426.55|44841.46|1554719.32|2008268.01
2938|2018-08-03T00:00:00|341913.16|85466.07|419068.25|427379.23
2939|2018-08-03T00:00:00|423217.56|-24550.84|386881.76|398666.72
2942|2018-04-12T00:00:00|0.00|0.00|0.00|0.00
2943|2018-04-13T00:00:00|0.00|0.00|0.00|0.00
2944|2018-08-27T00:00:00|580950.00|580950.00|283300.00|1161900.00
2946|2018-08-30T00:00:00|509693.58|6282.03|515975.60|515975.61
2947|2018-08-30T00:00:00|428666.18|0.00|419870.61|428666.18
2948|2018-02-20T00:00:00|0.00|0.00|0.00|0.00
2953|2018-08-31T00:00:00|10262094.28|20854208.93|20263639.52|31116303.21
2954|2019-12-06T00:00:00|2541747.96|319718.53|2807158.16|2861466.49
2955|2018-10-03T00:00:00|0.00|0.00|418153.74|0.00
2956|2018-10-03T00:00:00|0.00|0.00|800809.64|0.00
2957|2018-10-03T00:00:00|0.00|0.00|64724.99|0.00
2958|2018-10-03T00:00:00|0.00|0.00|79763.79|0.00
2959|2018-10-03T00:00:00|0.00|0.00|25603.34|0.00
2960|2018-10-03T00:00:00|0.00|0.00|35816.43|0.00
2961|2018-10-03T00:00:00|0.00|0.00|1684489.30|0.00
2962|2018-10-03T00:00:00|0.00|0.00|368947.00|0.00
2963|2018-10-03T00:00:00|0.00|0.00|790000.00|0.00
2964|2018-11-08T00:00:00|98400.00|141313.34|196800.00|239713.34
2966|2018-11-08T00:00:00|127792.00|36889.52|164681.52|164681.52
2967|2018-11-08T00:00:00|288000.00|144000.00|372800.00|432000.00
2968|2018-11-08T00:00:00|429000.22|-1390.24|137243.95|427609.98
2970|2018-11-08T00:00:00|462900.00|0.00|310199.58|462900.00
2971|2018-11-08T00:00:00|45000.00|0.00|42275.00|45000.00
2974|2018-08-30T00:00:00|132569.00|0.00|132569.00|132569.00
2975|2018-08-30T00:00:00|267128.02|0.00|214852.32|267128.02
2976|2018-11-09T00:00:00|109915.71|0.00|108672.68|109915.71
2977|2019-07-05T00:00:00|528620.12|0.00|477896.15|528620.12
2978|2019-04-12T00:00:00|282956.96|0.00|264699.68|282956.96
2979|2019-02-22T00:00:00|239020.97|0.00|239020.66|239020.97
2980|2019-02-22T00:00:00|239417.22|0.00|238454.21|239417.22
2981|2018-10-03T00:00:00|0.00|0.00|13810.88|0.00
2982|2018-10-03T00:00:00|0.00|0.00|252927.58|0.00
2983|2018-10-03T00:00:00|0.00|0.00|39600.00|0.00
2984|2018-10-03T00:00:00|0.00|0.00|241376.51|0.00
2985|2018-10-03T00:00:00|0.00|0.00|14500.00|0.00
2986|2018-10-03T00:00:00|0.00|0.00|7850.00|0.00
2987|2018-10-03T00:00:00|0.00|0.00|26362.50|0.00
2988|2018-10-03T00:00:00|0.00|0.00|134697.86|0.00
2989|2018-10-03T00:00:00|0.00|0.00|203846.89|0.00
2990|2018-10-03T00:00:00|0.00|0.00|80414.79|0.00
2991|2018-10-03T00:00:00|0.00|0.00|69435.02|0.00
2999|2018-10-03T00:00:00|0.00|0.00|263125.12|0.00
3000|2018-10-03T00:00:00|0.00|0.00|45227.73|0.00
3001|2018-10-03T00:00:00|0.00|0.00|190646.60|0.00
3002|2018-10-03T00:00:00|0.00|0.00|152482.06|0.00
3003|2018-10-03T00:00:00|0.00|0.00|29290.53|0.00
3004|2018-10-03T00:00:00|0.00|0.00|83870.27|0.00
3008|2018-10-03T00:00:00|0.00|0.00|125544.95|0.00
3009|2018-10-03T00:00:00|0.00|0.00|144209.91|0.00
3010|2018-10-03T00:00:00|0.00|0.00|688890.68|0.00
3011|2020-07-29T00:00:00|37511833.29|1623371.15|16017467.53|39135204.44
3012|2018-11-30T00:00:00|130460.23|0.00|130460.23|130460.23
3014|2018-10-31T00:00:00|8753474.44|898380.29|3635202.99|9651854.73
3015|2018-11-30T00:00:00|407003.72|0.00|407003.72|407003.72
3016|2018-11-30T00:00:00|78200.00|0.00|78200.00|78200.00
3019|2018-10-03T00:00:00|0.00|0.00|235504.78|0.00
3020|2018-11-08T00:00:00|118568.99|0.00|77321.30|118568.99
3021|2019-03-19T00:00:00|7224178.58|0.00|380100.35|7224178.58
3024|2019-06-27T00:00:00|40849755.01|0.00|3240127.53|40849755.01
3028|2018-11-22T00:00:00|527933.57|2287712.03|2815645.60|2815645.60
3030|2018-03-23T00:00:00|179972.37|70904.24|250863.36|250876.61
3032|2018-08-30T00:00:00|140999.00|0.00|16957.00|140999.00
3033|2018-12-06T00:00:00|78473.46|0.00|0.00|78473.46
3034|2019-05-20T00:00:00|2510831.15|0.00|2021975.87|2510831.15
3035|2018-12-03T00:00:00|3929645.20|0.00|788065.50|3929645.20
3036|2019-03-06T00:00:00|371400.00|0.00|141540.00|371400.00
3037|2018-12-03T00:00:00|1355400.00|0.00|0.00|1355400.00
3038|2018-12-03T00:00:00|406707.00|0.00|203353.50|406707.00
3040|2018-12-11T00:00:00|132078003.72|16490000.00|83031716.19|148568003.72
3042|2018-12-13T00:00:00|5976607.32|0.00|4170369.32|5976607.32
3043|2018-09-06T00:00:00|550000.00|36025.00|586025.00|586025.00
3045|2018-08-31T00:00:00|151617.40|0.00|190173.77|151617.40
3048|2019-02-20T00:00:00|382838.08|277197.36|382838.08|660035.44
3049|2020-01-03T00:00:00|1150780.00|0.00|0.00|1150780.00
3051|2018-05-07T00:00:00|148720.00|0.00|6935.00|148720.00
3052|2019-02-20T00:00:00|119954.01|0.00|138498.74|119954.01
3053|2019-02-20T00:00:00|139883.73|0.00|139883.71|139883.73
3054|2019-02-20T00:00:00|77515.64|0.00|77515.64|77515.64
3055|2019-02-20T00:00:00|143905.94|0.00|143819.01|143905.94
3056|2019-01-23T00:00:00|959.74|0.00|959.74|959.74
3057|2019-02-20T00:00:00|328471.50|0.00|30830.88|328471.50
3058|2019-02-20T00:00:00|138030.60|0.00|25950.25|138030.60
3059|2019-02-20T00:00:00|168740.81|0.00|38485.03|168740.81
3060|2019-01-24T00:00:00|4574330.02|0.00|645305.29|4574330.02
3061|2019-01-28T00:00:00|0.00|0.00|0.00|0.00
3062|2019-01-24T00:00:00|0.00|0.00|0.00|0.00
3064|2019-02-15T00:00:00|16454105.98|0.00|0.00|16454105.98
3065|2019-02-22T00:00:00|271733.16|0.00|115668.77|271733.16
3066|2019-02-15T00:00:00|275661.50|0.00|0.00|275661.50
3069|2018-12-20T00:00:00|61098525.31|0.00|421370.00|61098525.31
3070|2019-02-15T00:00:00|165020.47|0.00|0.00|165020.47
3071|2019-02-15T00:00:00|130558.90|0.00|0.00|130558.90
3072|2019-02-15T00:00:00|666840.33|0.00|318602.20|666840.33
3073|2019-02-15T00:00:00|533498.85|0.00|33386.06|533498.85
3074|2019-02-15T00:00:00|85834.48|0.00|0.00|85834.48
3075|2019-02-15T00:00:00|212353.22|0.00|33488.79|212353.22
3076|2019-02-15T00:00:00|424553.67|0.00|109193.06|424553.67
3077|2019-02-15T00:00:00|92635.58|15162.15|13876.43|107797.73
3078|2019-02-15T00:00:00|191976.87|0.00|0.00|191976.87
3079|2019-02-15T00:00:00|617945.54|93121.13|516418.43|711066.67
3080|2019-03-20T00:00:00|205014.87|23145.28|11314.18|228160.15
3081|2019-02-26T00:00:00|58873124.81|7535633.03|82484276.58|66408757.84
3082|2019-02-28T00:00:00|4016911.42|964596.67|1956124.69|4981508.09
3083|2019-01-24T00:00:00|4199555.72|0.00|1985361.75|4199555.72
3084|2019-02-26T00:00:00|1195008.47|0.00|1191692.77|1195008.47
3085|2019-02-26T00:00:00|1067058.17|254678.32|1189658.12|1321736.49
3086|2019-02-28T00:00:00|889299.09|0.00|0.00|889299.09
3087|2019-02-28T00:00:00|2558888.09|0.00|335264.60|2558888.09
3089|2019-02-28T00:00:00|4016911.42|0.00|0.00|4016911.42
3090|2019-02-26T00:00:00|950984.98|0.00|381561.95|950984.98
3091|2019-02-05T00:00:00|831264.65|176700.30|227441.08|1007964.95
3092|2019-02-05T00:00:00|0.00|0.00|0.00|0.00
3093|2019-02-28T00:00:00|263125.00|0.00|0.00|263125.00
3094|2019-03-29T00:00:00|5506063.64|0.00|2614122.50|5506063.64
3095|2019-01-31T00:00:00|1616565.68|0.00|0.00|1616565.68
3097|2019-02-20T00:00:00|826302.63|0.00|324305.49|826302.63
3098|2019-02-28T00:00:00|689809.22|0.00|113626.05|689809.22
3100|2019-02-28T00:00:00|792820.14|0.00|0.00|792820.14
3103|2019-02-28T00:00:00|146413.31|0.00|146413.30|146413.31
3104||12856457.76|621244.75|2871409.09|13477702.51
3107|2019-03-22T00:00:00|1092998.40|1312320.64|2073624.48|2405319.04
3109|2019-04-20T00:00:00|240093.35|0.00|186602.44|240093.35
3112|2019-04-23T00:00:00|19260938.31|0.00|0.00|19260938.31
3117|2018-12-20T00:00:00|1522624.25|84234.75|487062.86|1606859.00
3118|2021-01-28T00:00:00|6800358.50|861681.00|3543171.87|7662039.50
3119|2019-03-21T00:00:00|0.00|0.00|0.00|0.00
3120|2019-04-24T00:00:00|109486.52|0.00|109486.51|109486.52
3121|2019-02-28T00:00:00|727720.95|0.00|104300.97|727720.95
3122|2019-02-28T00:00:00|708824.87|0.00|475376.85|708824.87
3123|2019-12-05T00:00:00|757294.08|0.00|0.00|757294.08
3124|2019-12-06T00:00:00|518413.33|0.00|69594.05|518413.33
3126|2019-05-17T00:00:00|2002874.00|0.00|351430.22|2002874.00
3127|2019-02-05T00:00:00|316838.46|64003.22|164083.55|380841.68
3129|2019-05-05T00:00:00|1285394.10|29335.07|562101.24|1314729.17
3130|2019-02-01T00:00:00|98620.61|0.00|60150.32|98620.61
3131|2019-02-01T00:00:00|144112.37|0.00|15000.00|144112.37
3132|2019-06-20T00:00:00|0.00|0.00|0.00|0.00
3133|2019-02-05T00:00:00|736673.81|0.00|83446.50|736673.81
3135|2019-06-06T00:00:00|1395871.57|0.00|1033137.24|1395871.57
3136|2018-07-02T00:00:00|1005229.00|0.00|757639.40|1005229.00
3137|2019-02-05T00:00:00|394004.64|0.00|230736.90|394004.64
3138|2019-06-14T00:00:00|17489544.41|488442.09|6308298.17|17977986.50
3140|2019-06-14T00:00:00|7811685.36|379349.06|4520560.65|8191034.42
3141|2019-06-14T00:00:00|4865000.00|0.00|305562.14|4865000.00
3142|2019-06-14T00:00:00|2440000.00|0.00|233280.90|2440000.00
3143|2019-06-14T00:00:00|3360000.00|0.00|192551.54|3360000.00
3144|2019-06-14T00:00:00|2610178.44|0.00|365648.20|2610178.44
3145|2019-06-14T00:00:00|3446300.83|0.00|271936.04|3446300.83
3146|2019-11-13T00:00:00|2724298.49|9989094.46|12806358.16|12713392.95
3151|2019-05-31T00:00:00|1300000.00|1147021.34|2447021.34|2447021.34
3153|2019-06-26T00:00:00|153000.00|3891.16|156891.16|156891.16
3154|2019-08-16T00:00:00|145411.20|3589868.80|0.00|3735280.00
3155|2019-08-16T00:00:00|654540.00|1336047.12|0.00|1990587.12
3158|2019-06-04T00:00:00|1590251.23|0.00|396009.75|1590251.23
3159|2019-06-06T00:00:00|143750.00|0.00|58539.00|143750.00
3161|2019-05-23T00:00:00|614446.84|0.00|245359.67|614446.84
3162|2019-06-14T00:00:00|0.00|0.00|0.00|0.00
3163|2019-05-20T00:00:00|9400000.00|2350000.00|10622923.60|11750000.00
3165|2019-04-25T00:00:00|265762.47|0.00|105709.32|265762.47
3166|2019-04-25T00:00:00|30292.48|0.00|0.00|30292.48
3167|2019-06-28T00:00:00|0.00|0.00|0.00|0.00
3168|2019-05-10T00:00:00|1722549.51|939296.51|2095873.80|2661846.02
3169|2020-09-29T00:00:00|5586186.64|9999.37|5222009.42|5596186.01
3170|2020-09-29T00:00:00|5528128.01|859501.18|5909583.54|6387629.19
3171|2019-07-31T00:00:00|2119998.32|0.00|0.00|2119998.32
3173|2019-07-31T00:00:00|1458936.00|0.00|445825.76|1458936.00
3174|2019-07-17T00:00:00|2744653.00|0.00|1537510.00|2744653.00
3175|2020-09-23T00:00:00|32383232.15|0.00|939721.96|32383232.15
3176|2019-08-20T00:00:00|6377846.92|999134.18|2667164.45|7376981.10
3178|2019-07-31T00:00:00|147400.00|0.00|594539.03|147400.00
3179|2019-07-05T00:00:00|2950200.00|2950200.00|2244761.10|5900400.00
3180|2019-05-31T00:00:00|1407099.84|4565099.96|5972199.80|5972199.80
3181|2019-08-06T00:00:00|82827.77|0.00|82827.77|82827.77
3183|2019-09-29T00:00:00|12390281.28|0.00|991300.11|12390281.28
3184|2019-09-03T00:00:00|271995.92|0.00|91875.06|271995.92
3185|2019-08-20T00:00:00|169641.05|0.00|0.00|169641.05
3186|2019-10-30T00:00:00|21935808.36|0.00|2247539.27|21935808.36
3187|2019-06-14T00:00:00|0.00|0.00|0.00|0.00
3188|2019-06-21T00:00:00|3848528.83|0.00|3079389.63|3848528.83
3189|2019-06-21T00:00:00|973000.00|0.00|610000.00|973000.00
3190|2019-10-20T00:00:00|1755229.77|0.00|0.00|1755229.77
3194|2019-09-05T00:00:00|11725714.19|0.00|1261113.42|11725714.19
3196|2019-09-13T00:00:00|276600.00|226426.67|523026.67|503026.67
3199|2019-09-27T00:00:00|3010289.40|1259532.08|3741938.16|4269821.48
3204|2020-06-05T00:00:00|5270000.00|0.00|2917591.94|5270000.00
3206|2020-06-05T00:00:00|2760000.00|0.00|2081283.80|2760000.00
3207|2020-06-05T00:00:00|5378000.00|0.00|4404890.30|5378000.00
3208|2020-06-05T00:00:00|2177120.54|0.00|2205859.62|2177120.54
3211|2019-10-11T00:00:00|11297847.60|0.00|1206750.64|11297847.60
3212|2019-07-31T00:00:00|3015499.35|15077496.75|14920474.84|18092996.10
3214|2019-10-11T00:00:00|2272022.29|72532.22|412526.77|2344554.51
3215|2019-09-25T00:00:00|858835.80|0.00|558413.40|858835.80
3216|2019-10-30T00:00:00|27152162.20|16663781.42|27636595.09|43815943.62
3217|2019-11-20T00:00:00|90275.00|21980.00|112255.00|112255.00
3218|2019-11-20T00:00:00|170898.00|512694.00|498452.38|683592.00
3219|2019-11-07T00:00:00|455502.24|0.00|662608.82|455502.24
3220|2019-11-20T00:00:00|181199.04|1721390.80|1434492.40|1902589.84
3221|2019-11-20T00:00:00|92689.20|0.00|0.00|92689.20
3229|2019-01-31T00:00:00|1959307.74|0.00|0.00|1959307.74
3234|2019-10-23T00:00:00|49346324.04|0.00|0.00|49346324.04
3236|2019-10-04T00:00:00|1965505.00|0.00|0.00|1965505.00
3237|2019-10-04T00:00:00|1247645.00|0.00|1241823.30|1247645.00
3238|2019-12-04T00:00:00|22789402.86|2237982.98|26800585.06|25027385.84
3240|2019-11-29T00:00:00|822761.90|-4616.41|619464.40|818145.49
3241|2019-12-20T00:00:00|1560000.00|3460000.00|2609356.04|5020000.00
3243|2019-12-20T00:00:00|1680000.00|0.00|484484.77|1680000.00
3244|2019-12-09T00:00:00|3741207.00|0.00|0.00|3741207.00
3245|2019-12-09T00:00:00|135799.43|0.00|0.00|135799.43
3246|2020-01-22T00:00:00|1451188.05|0.00|0.00|1451188.05
3248|2020-01-22T00:00:00|357894.16|0.00|0.00|357894.16
3249|2020-01-22T00:00:00|1387900.71|0.00|752257.95|1387900.71
3256|2020-03-13T00:00:00|2492792.51|0.00|0.00|2492792.51
3257|2020-03-13T00:00:00|228512.93|0.00|0.00|228512.93
3258|2020-03-13T00:00:00|1048862.21|0.00|0.00|1048862.21
3259|2020-03-13T00:00:00|3123600.43|0.00|0.00|3123600.43
3261|2020-03-13T00:00:00|0.00|0.00|0.00|0.00
3262|2020-03-13T00:00:00|335037.46|0.00|0.00|335037.46
3263|2020-03-13T00:00:00|524555.46|0.00|0.00|524555.46
3264|2020-03-13T00:00:00|2320663.80|0.00|0.00|2320663.80
3265|2020-03-13T00:00:00|907794.98|0.00|0.00|907794.98
3266|2020-03-13T00:00:00|1293743.53|0.00|1263368.24|1293743.53
3267|2020-03-13T00:00:00|3267808.32|0.00|3045999.72|3267808.32
3268|2020-03-13T00:00:00|2624186.04|0.00|2501386.39|2624186.04
3269|2020-03-13T00:00:00|2323081.36|0.00|1404611.52|2323081.36
3271|2020-02-13T00:00:00|0.00|0.00|0.00|0.00
3272|2019-10-04T00:00:00|0.00|0.00|0.00|0.00
3274|2019-10-04T00:00:00|109000.00|0.00|109000.00|109000.00
3277|2020-10-07T00:00:00|7739760.62|270910.98|3956060.06|8010671.60
3278|2020-03-13T00:00:00|1430000.00|0.00|2369692.61|1430000.00
3295|2020-02-14T00:00:00|269795.30|0.00|0.00|269795.30
3299|2020-06-26T00:00:00|2310000.00|0.00|1338062.41|2310000.00
3301|2020-08-05T00:00:00|1048832.55|0.00|847296.39|1048832.55
3302|2020-08-05T00:00:00|53710.87|0.00|52360.87|53710.87
3303|2020-08-05T00:00:00|99171.33|0.00|99171.19|99171.33
3304|2020-08-05T00:00:00|839520.00|0.00|0.00|839520.00
3305|2020-06-12T00:00:00|138000.00|414000.00|667602.00|552000.00
3306|2020-04-15T00:00:00|1929900.00|0.00|0.00|1929900.00
3307|2020-12-18T00:00:00|4648000.00|0.00|13114661.08|4648000.00
3308|2020-08-05T00:00:00|441934.94|0.00|441934.94|441934.94
3309|2019-10-31T00:00:00|2379713.28|0.00|109815.76|2379713.28
3313|2020-05-01T00:00:00|300000.00|0.00|79818.00|300000.00
3317|2020-08-11T00:00:00|4541208.00|177773.20|1473115.00|4718981.20
3318|2020-06-09T00:00:00|797675.31|0.00|631901.97|797675.31
3319|2020-08-03T00:00:00|0.00|0.00|0.00|0.00
3322|2020-09-08T00:00:00|361914.08|0.00|610461.69|361914.08
3324|2020-07-01T00:00:00|735929.34|0.00|0.00|735929.34
3326|2020-06-11T00:00:00|679233.54|0.00|667253.57|679233.54
3327|2020-06-11T00:00:00|960034.33|0.00|922755.41|960034.33
3328|2020-06-12T00:00:00|814110.06|0.00|809405.40|814110.06
3334|2020-09-10T00:00:00|2766366.60|0.00|232545.60|2766366.60
3340|2020-09-28T00:00:00|113920.97|0.00|0.00|113920.97
3341|2020-09-28T00:00:00|150000.00|0.00|150000.00|150000.00
3343|2019-08-16T00:00:00|51656850.59|0.00|0.00|51656850.59
3344|2020-08-10T00:00:00|0.00|0.00|0.00|0.00
3346|2020-10-06T00:00:00|549370.24|123974.82|477911.95|673345.06
3347|2020-10-13T00:00:00|426951.39|39142.94|192164.41|466094.33
3351|2020-05-07T00:00:00|609702.00|0.00|0.00|609702.00
3353|2019-08-16T00:00:00|100722945.03|21646834.62|27622599.23|122369779.65
3359|2020-11-04T00:00:00|14912772.53|14912772.53|0.00|29825545.06
3360|2020-11-17T00:00:00|1295613.61|0.00|1295611.32|1295613.61
3363|2020-11-24T00:00:00|2408392.26|2007691.56|4416083.82|4416083.82
3367|2020-12-07T00:00:00|2106528.02|0.00|792793.90|2106528.02
3368|2020-11-30T00:00:00|40934.24|0.00|40808.19|40934.24
3369|2020-12-04T00:00:00|126645.30|0.00|0.00|126645.30
3370|2021-01-08T00:00:00|138000.00|414000.00|667602.00|552000.00
3380|2020-10-30T00:00:00|282562.80|0.00|282562.80|282562.80
3381|2021-02-19T00:00:00|71000.00|0.00|46000.00|71000.00
70|2012-06-01T00:00:00|910928.78|0.00|1014114.35|910928.78
194|2015-04-01T00:00:00|3949951.40|0.00|1244286.42|3949951.40
198|2015-04-01T00:00:00|12041273.32|0.00|10877307.75|12041273.32
286|2015-03-03T00:00:00|304848667.92|-44772515.69|246103710.83|260076152.23
295|2012-11-20T00:00:00|147302328.11|45380801.89|173295910.89|192683130.00
302|2016-11-22T00:00:00|28638430.19|0.00|4387377.44|28638430.19
304|2013-12-11T00:00:00|115485525.36|28089162.75|141560160.19|143574688.11
306|2013-11-21T00:00:00|146600153.33|36075848.44|168299128.36|182676001.77
330|2012-07-03T00:00:00|4031940.64|0.00|0.00|4031940.64
357|2012-08-01T00:00:00|720502.09|0.00|66529.22|720502.09
364|2012-09-14T00:00:00|3418937.33|0.00|3206424.37|3418937.33
365|2012-03-23T00:00:00|1845475.26|0.00|1841353.50|1845475.26
366|2012-03-23T00:00:00|2824905.61|0.00|2768238.89|2824905.61
367|2012-03-23T00:00:00|1792208.09|0.00|1741192.81|1792208.09
368|2012-03-23T00:00:00|2523333.92|0.00|2499494.43|2523333.92
369|2012-03-23T00:00:00|1870817.65|0.00|1845597.08|1870817.65
472|2013-06-04T00:00:00|36742953.81|0.00|29286963.43|36742953.81
495|2012-08-31T00:00:00|18094145.03|0.00|23583782.22|18094145.03
501|2016-11-10T00:00:00|1142004.06|0.00|132900.15|1142004.06
508|2013-11-14T00:00:00|6905136.79|2505110.86|4322282.06|9410247.65
513|2012-09-03T00:00:00|8588174.60|0.00|3421565.33|8588174.60
544|2012-12-14T00:00:00|511781.82|0.00|304755.88|511781.82
551|2012-04-20T00:00:00|2594926.10|0.00|2563769.97|2594926.10
553|2013-09-13T00:00:00|1649781.43|124804.13|1672578.85|1774585.56
576|2012-06-13T00:00:00|22742885.10|2232070.93|7517280.79|24974956.03
591|2016-11-10T00:00:00|79982.16|0.00|77901.67|79982.16
593|2016-11-10T00:00:00|159808.61|0.00|124539.56|159808.61
643|2015-04-01T00:00:00|1659949.87|0.00|699007.63|1659949.87
649|2015-04-01T00:00:00|3683736.16|0.00|347908.06|3683736.16
650|2015-04-01T00:00:00|2246440.56|0.00|314775.08|2246440.56
718|2013-12-13T00:00:00|336261.03|166674.12|620909.20|502935.15
728|2012-05-25T00:00:00|556348.68|0.00|469185.13|556348.68
730|2012-05-25T00:00:00|2485191.27|0.00|2461895.63|2485191.27
733|2012-05-25T00:00:00|2158476.50|0.00|2291671.75|2158476.50
749|2012-08-02T00:00:00|1931991.72|0.00|1153318.45|1931991.72
763|2014-05-08T00:00:00|39433019.87|9298212.24|69909245.50|48731232.11
766|2013-12-31T00:00:00|1720289.60|296674.45|1987252.82|2016964.05
767|2015-09-30T00:00:00|2180224.50|406563.95|1782171.51|2586788.45
768|2013-12-31T00:00:00|2894553.77|0.00|1698645.57|2894553.77
772|2015-01-29T00:00:00|1484979.41|0.00|1484979.41|1484979.41
774|2015-03-12T00:00:00|183300539.70|37229155.95|201249295.97|220529695.65
775|2014-10-21T00:00:00|29024463.01|5391590.03|28355415.97|34416053.04
776|2014-10-23T00:00:00|42266979.80|9861799.02|48748654.20|52128778.82
778|2012-03-28T00:00:00|36605143.89|0.00|36090882.19|36605143.89
779|2012-03-27T00:00:00|28865460.21|0.00|27986587.68|28865460.21
787|2012-01-27T00:00:00|961146.96|0.00|0.00|961146.96
806|2016-02-24T00:00:00|319873230.48|110480253.70|404656386.91|430353484.18
809|2015-05-06T00:00:00|21465149.88|5121028.57|26268007.85|26586178.45
823|2012-07-13T00:00:00|46443621.60|0.00|8992198.56|46443621.60
861|2015-04-23T00:00:00|24533546.84|-1051.47|12488891.70|24532495.37
862|2012-11-21T00:00:00|2499972.70|0.00|3704397.26|2499972.70
863|2013-06-10T00:00:00|2499972.70|1249051.07|3704397.26|3749023.77
865|2012-11-21T00:00:00|1154554.17|0.00|1010876.94|1154554.17
877|2012-11-16T00:00:00|1022147.07|0.00|1014781.51|1022147.07
887|2014-08-06T00:00:00|24559268.28|10521122.94|33580024.63|35080391.22
901|2012-12-07T00:00:00|2774707.74|0.00|2774707.68|2774707.74
902|2013-12-31T00:00:00|2405890.63|367776.36|2168916.92|2773666.99
903|2012-04-20T00:00:00|749945.77|0.00|743921.36|749945.77
904|2012-04-20T00:00:00|370277.77|0.00|278271.59|370277.77
916|2012-01-18T00:00:00|145044.90|0.00|83520.36|145044.90
957|2016-11-10T00:00:00|314999.21|0.00|222657.72|314999.21
1015|2012-11-06T00:00:00|492957.66|0.00|398431.38|492957.66
1019|2013-11-21T00:00:00|3645492.72|6575717.39|9001910.54|10221210.11
1030|2012-09-20T00:00:00|3108714.68|0.00|0.00|3108714.68
1048|2013-04-12T00:00:00|2468958.05|0.00|664353.89|2468958.05
1061|2012-03-31T00:00:00|5256687.71|0.00|4656581.80|5256687.71
1062|2012-12-31T00:00:00|58610252.45|0.00|72837382.79|58610252.45
1063|2012-08-30T00:00:00|17768761.39|0.00|15111127.53|17768761.39
1067|2012-05-29T00:00:00|6754428.72|0.00|14296299.31|6754428.72
1084|2013-03-19T00:00:00|2310340.74|0.00|3136828.20|2310340.74
1085|2014-06-10T00:00:00|25767937.30|2307668.91|28704500.70|28075606.21
1104|2012-02-29T00:00:00|7720726.06|0.00|2872956.96|7720726.06
1105|2012-02-02T00:00:00|479940.72|0.00|505700.00|479940.72
1107|2012-03-23T00:00:00|143529.15|0.00|28161.73|143529.15
1109|2012-03-23T00:00:00|76662.14|0.00|0.00|76662.14
1110|2012-03-23T00:00:00|425849.54|0.00|30508.90|425849.54
1113|2012-03-23T00:00:00|240689.38|0.00|61455.28|240689.38
1114|2012-03-23T00:00:00|371605.98|0.00|52000.00|371605.98
1115|2012-03-23T00:00:00|224917.50|0.00|86235.44|224917.50
1117|2012-03-30T00:00:00|9601321.21|0.00|3967074.88|9601321.21
1118|2012-03-05T00:00:00|62060.62|0.00|58640.81|62060.62
1119|2012-02-08T00:00:00|6254311.80|0.00|3853058.95|6254311.80
1120|2015-12-18T00:00:00|132075298.21|31645518.19|151219925.37|163720816.40
1121|2013-08-31T00:00:00|16393882.61|0.00|9075758.84|16393882.61
1124||145380016.61|12232144.51|0.00|157612161.12
1126|2015-04-23T00:00:00|40020648.50|9994953.95|52960712.51|50015602.45
1127|2019-11-08T00:00:00|151113293.56|35491780.16|161778936.53|186605073.72
1129|2016-02-24T00:00:00|21027958.96|9713947.14|27571064.32|30741906.10
1130|2012-03-08T00:00:00|264000.00|0.00|211200.00|264000.00
1131|2012-04-10T00:00:00|164575.35|0.00|141435.26|164575.35
1134|2013-11-20T00:00:00|147945216.43|17529443.37|165148466.72|165474659.80
1137|2012-04-10T00:00:00|1111154.00|0.00|450548.23|1111154.00
1138|2012-04-10T00:00:00|518640.88|0.00|450548.23|518640.88
1139|2012-04-10T00:00:00|304045.08|0.00|88102.47|304045.08
1140|2013-11-20T00:00:00|7292493.15|1198485.21|8029733.15|8490978.36
1141|2012-04-10T00:00:00|1140394.02|0.00|322181.20|1140394.02
1144|2012-04-11T00:00:00|258932.53|0.00|47532.58|258932.53
1146|2012-03-30T00:00:00|6000.00|0.00|6000.00|6000.00
1147|2012-03-30T00:00:00|6000.00|0.00|6000.00|6000.00
1148|2012-03-30T00:00:00|4200.00|0.00|4200.00|4200.00
1150|2012-03-30T00:00:00|3000.00|0.00|3000.00|3000.00
1154|2012-03-30T00:00:00|3000.00|0.00|3000.00|3000.00
1158|2012-03-30T00:00:00|5000.00|0.00|5000.00|5000.00
1159|2012-03-30T00:00:00|2400.00|0.00|2400.00|2400.00
1162|2012-03-30T00:00:00|6000.00|0.00|6000.00|6000.00
1163|2012-03-30T00:00:00|118506.74|0.00|0.00|118506.74
1166|2013-07-26T00:00:00|494000000.00|0.00|0.00|494000000.00
1173|2015-03-20T00:00:00|88106472.76|24346541.98|108956411.66|112453014.74
1174|2013-11-20T00:00:00|3316503.33|1421682.77|2751290.17|4738186.10
1175|2012-02-23T00:00:00|24864.00|0.00|24085.38|24864.00
1176|2012-05-25T00:00:00|6044291.81|0.00|72842.72|6044291.81
1177|2012-04-19T00:00:00|708969.28|0.00|142620.40|708969.28
1178|2012-04-20T00:00:00|634578.06|0.00|210747.21|634578.06
1186|2012-12-07T00:00:00|3310643.44|0.00|1556726.35|3310643.44
1187|2012-08-28T00:00:00|1018430.40|0.00|577876.49|1018430.40
1189|2012-08-22T00:00:00|522962.50|0.00|263380.00|522962.50
1196|2012-08-22T00:00:00|208125.00|0.00|207600.00|208125.00
1198|2012-08-22T00:00:00|409297.46|0.00|117251.74|409297.46
1200|2012-12-07T00:00:00|1361938.89|0.00|0.00|1361938.89
1202||905424.90|0.00|47610.61|905424.90
1203|2012-12-07T00:00:00|407852.50|0.00|192524.36|407852.50
1205|2012-05-18T00:00:00|594154.44|0.00|0.00|594154.44
1206|2012-05-18T00:00:00|0.00|0.00|0.00|0.00
1207|2012-05-18T00:00:00|453167.03|0.00|30292.02|453167.03
1208|2012-05-18T00:00:00|572564.83|0.00|135524.27|572564.83
1215|2012-03-30T00:00:00|325635.40|0.00|325635.40|325635.40
1216|2015-09-30T00:00:00|3924697.36|863485.22|3937327.03|4788182.58
1217|2012-03-30T00:00:00|148229.95|0.00|0.00|148229.95
1218|2012-03-30T00:00:00|1514268.88|0.00|0.00|1514268.88
1219|2012-03-30T00:00:00|73591.18|0.00|0.00|73591.18
1220|2012-03-30T00:00:00|349897.14|0.00|0.00|349897.14
1221|2012-03-30T00:00:00|105195.56|0.00|0.00|105195.56
1223|2013-11-14T00:00:00|10399234.15|904451.54|1298989.82|11303685.69
1224|2012-10-31T00:00:00|77437798.08|0.00|337607.56|77437798.08
1225|2013-11-14T00:00:00|8110624.84|1994952.04|6377958.17|10105576.88
1229|2012-06-19T00:00:00|1228641.31|0.00|0.00|1228641.31
1230|2012-06-19T00:00:00|1228641.31|0.00|0.00|1228641.31
1232|2012-06-20T00:00:00|1480423.24|0.00|1190684.55|1480423.24
1234|2012-02-23T00:00:00|1468000.00|0.00|342889.65|1468000.00
1237|2012-06-19T00:00:00|637852.53|0.00|0.00|637852.53
1241|2012-06-18T00:00:00|1168781.76|0.00|0.00|1168781.76
1242|2012-06-19T00:00:00|1168428.96|0.00|0.00|1168428.96
1245|2012-06-19T00:00:00|191545.00|0.00|169289.30|191545.00
1246|2012-06-20T00:00:00|386623.00|0.00|200474.00|386623.00
1247|2012-06-20T00:00:00|796313.00|0.00|653079.00|796313.00
1248|2012-06-21T00:00:00|88705.43|0.00|0.00|88705.43
1251|2012-06-18T00:00:00|411000.00|0.00|0.00|411000.00
1252|2012-06-20T00:00:00|2096954.52|0.00|96295.00|2096954.52
1256|2012-06-21T00:00:00|1478920.00|0.00|1848644.70|1478920.00
1258|2012-06-05T00:00:00|8288371.84|0.00|6655333.68|8288371.84
1259|2014-08-08T00:00:00|8631470.38|0.00|4151976.63|8631470.38
1260|2012-06-05T00:00:00|568312.08|0.00|225260.41|568312.08
1261|2012-09-12T00:00:00|23816509.33|4980785.53|14474614.98|28797294.86
1262|2018-12-27T00:00:00|793908.48|0.00|0.00|793908.48
1263|2012-06-13T00:00:00|229996.00|0.00|211336.20|229996.00
1264|2012-08-29T00:00:00|12530217.53|0.00|322085.49|12530217.53
1265|2014-10-16T00:00:00|29149199.01|7118103.67|22892725.25|36267302.68
1266|2012-07-06T00:00:00|1829603.76|0.00|0.00|1829603.76
1267|2012-05-31T00:00:00|136785.60|0.00|71392.24|136785.60
1268|2012-05-31T00:00:00|115138.22|0.00|96202.49|115138.22
1269|2012-05-31T00:00:00|838641.38|0.00|0.00|838641.38
1270|2012-05-31T00:00:00|465701.58|0.00|535270.20|465701.58
1272|2012-07-13T00:00:00|257390.00|0.00|94285.65|257390.00
1274|2012-06-13T00:00:00|15928807.99|161678.12|445889.42|16090486.11
1275|2012-12-12T00:00:00|7292493.15|0.00|5321012.35|7292493.15
1276|2012-08-03T00:00:00|3711616.49|0.00|0.00|3711616.49
1277|2012-08-03T00:00:00|1172283.92|0.00|0.00|1172283.92
1278|2012-08-03T00:00:00|0.00|0.00|0.00|0.00
1279|2012-08-03T00:00:00|0.00|0.00|0.00|0.00
1281|2012-07-11T00:00:00|499001.87|0.00|0.00|499001.87
1282|2012-07-17T00:00:00|278917.21|0.00|325403.40|278917.21
1291|2012-07-19T00:00:00|710483.50|0.00|0.00|710483.50
1293|2015-07-01T00:00:00|1163896.30|0.00|0.00|1163896.30
1294|2012-07-19T00:00:00|54210.00|0.00|0.00|54210.00
1302|2012-07-19T00:00:00|323001.00|0.00|0.00|323001.00
1303|2012-07-31T00:00:00|605725.61|0.00|0.00|605725.61
1304|2012-07-20T00:00:00|118543.60|0.00|118543.60|118543.60
1305|2012-07-31T00:00:00|4036933.51|0.00|3821988.74|4036933.51
1309|2012-07-20T00:00:00|206837.32|0.00|0.00|206837.32
1310|2012-07-20T00:00:00|219998.96|0.00|0.00|219998.96
1311|2012-08-02T00:00:00|1043704.36|0.00|376576.95|1043704.36
1312|2012-08-06T00:00:00|848405.12|0.00|0.00|848405.12
1313|2012-07-20T00:00:00|210180.43|0.00|0.00|210180.43
1315|2012-08-01T00:00:00|1579060.51|0.00|755318.33|1579060.51
1316|2012-08-13T00:00:00|349995.00|0.00|0.00|349995.00
1318|2013-11-14T00:00:00|6958103.57|0.00|805112.68|6958103.57
1319|2012-07-20T00:00:00|505778.92|0.00|0.00|505778.92
1320|2012-07-20T00:00:00|145800.00|0.00|59940.00|145800.00
1322|2012-12-11T00:00:00|1309454.48|0.00|431951.29|1309454.48
1323|2012-08-20T00:00:00|972796.64|0.00|0.00|972796.64
1324|2012-08-21T00:00:00|929878.40|0.00|0.00|929878.40
1326|2012-08-03T00:00:00|323257.20|0.00|82181.20|323257.20
1327|2012-08-03T00:00:00|169792.53|0.00|0.00|169792.53
1328|2012-08-03T00:00:00|187099.98|0.00|175481.65|187099.98
1329|2012-08-03T00:00:00|441276.45|0.00|0.00|441276.45
1330|2012-08-03T00:00:00|351144.40|0.00|0.00|351144.40
1331|2012-08-03T00:00:00|462751.59|0.00|0.00|462751.59
1332|2012-08-03T00:00:00|273717.68|0.00|0.00|273717.68
1333|2012-08-03T00:00:00|312682.77|0.00|0.00|312682.77
1334|2012-08-03T00:00:00|122254.36|0.00|0.00|122254.36
1335|2012-08-20T00:00:00|36000.00|0.00|0.00|36000.00
1336|2012-08-16T00:00:00|4500000.00|0.00|300000.00|4500000.00
1337|2012-07-11T00:00:00|460249.45|0.00|0.00|460249.45
1338|2012-08-17T00:00:00|105600.00|0.00|105600.00|105600.00
1339|2012-08-17T00:00:00|151753.30|0.00|161935.97|151753.30
1341|2012-08-17T00:00:00|211292.05|0.00|211292.05|211292.05
1342|2012-08-17T00:00:00|306477.25|0.00|148707.93|306477.25
1343|2012-08-17T00:00:00|574263.07|0.00|421390.74|574263.07
1344|2012-08-17T00:00:00|361404.80|0.00|29469.65|361404.80
1345|2012-08-17T00:00:00|260610.85|0.00|109764.12|260610.85
1346|2012-08-17T00:00:00|287237.01|0.00|0.00|287237.01
1347|2012-08-17T00:00:00|235807.35|0.00|54673.83|235807.35
1348|2012-08-17T00:00:00|420744.38|0.00|9700.00|420744.38
1349|2012-08-17T00:00:00|1447539.45|0.00|0.00|1447539.45
1350|2012-08-17T00:00:00|322887.11|0.00|0.00|322887.11
1351|2012-08-17T00:00:00|191260.47|0.00|0.00|191260.47
1353|2012-08-08T00:00:00|467395.69|0.00|14277.09|467395.69
1354|2012-08-31T00:00:00|313651.45|0.00|249160.55|313651.45
1358|2013-03-26T00:00:00|4713070.03|0.00|2853524.80|4713070.03
1360|2013-03-26T00:00:00|13382737.72|0.00|2342558.07|13382737.72
1361|2013-01-25T00:00:00|2100000.00|0.00|0.00|2100000.00
1364|2013-03-26T00:00:00|9112059.97|0.00|4106127.72|9112059.97
1365|2012-08-31T00:00:00|377234.05|0.00|117484.82|377234.05
1366|2013-01-25T00:00:00|489304.53|0.00|38393.11|489304.53
1367|2013-01-25T00:00:00|683252.20|0.00|0.00|683252.20
1368|2013-01-25T00:00:00|1304340.29|0.00|98710.54|1304340.29
1369|2012-09-14T00:00:00|130514.85|0.00|0.00|130514.85
1370|2013-01-25T00:00:00|97329.69|0.00|48060.74|97329.69
1372|2012-08-31T00:00:00|477900.00|0.00|202476.00|477900.00
1373|2012-08-02T00:00:00|1067354.74|0.00|0.00|1067354.74
1374|2012-08-02T00:00:00|498508.00|0.00|0.00|498508.00
1379|2012-08-08T00:00:00|754092.96|0.00|316032.48|754092.96
1380|2012-10-15T00:00:00|4037749.20|0.00|4966271.88|4037749.20
1383|2012-09-28T00:00:00|145834.00|0.00|145834.00|145834.00
1384|2012-09-28T00:00:00|146774.69|0.00|128502.85|146774.69
1385|2014-06-06T00:00:00|314166.01|0.00|313965.87|314166.01
1386|2012-09-28T00:00:00|133326.95|0.00|113047.45|133326.95
1387|2012-10-05T00:00:00|146492.67|0.00|145826.84|146492.67
1391|2012-08-17T00:00:00|360518.63|0.00|27505.52|360518.63
1392|2012-08-17T00:00:00|333013.11|0.00|0.00|333013.11
1394|2012-08-17T00:00:00|581755.18|0.00|246007.39|581755.18
1395|2014-09-25T00:00:00|1399468.23|0.00|1250128.56|1399468.23
1396|2014-09-25T00:00:00|1915390.31|0.00|1347298.56|1915390.31
1397|2014-09-25T00:00:00|1998996.20|0.00|127397.50|1998996.20
1398|2012-10-05T00:00:00|252612.62|0.00|128951.49|252612.62
1399|2012-11-06T00:00:00|4584781.20|0.00|2288106.82|4584781.20
1400|2012-11-05T00:00:00|1545719.93|0.00|371391.52|1545719.93
1404|2012-09-28T00:00:00|327264.64|0.00|296292.72|327264.64
1405|2012-11-05T00:00:00|275860.72|0.00|161917.18|275860.72
1409|2013-06-03T00:00:00|24587493.04|9481538.63|23843015.09|34069031.67
1415|2012-11-14T00:00:00|1301242.18|0.00|614718.04|1301242.18
1416||358230.00|0.00|344557.72|358230.00
1417|2012-12-12T00:00:00|1687748.60|0.00|477532.40|1687748.60
1418|2014-09-01T00:00:00|23451712.76|3807761.00|26658363.40|27259473.76
1419|2014-12-12T00:00:00|1499999.91|0.00|0.00|1499999.91
1420|2014-12-12T00:00:00|1199839.36|0.00|0.00|1199839.36
1421|2012-10-19T00:00:00|0.00|0.00|0.00|0.00
1423|2012-10-19T00:00:00|0.00|0.00|0.00|0.00
1424|2012-11-08T00:00:00|1434874.10|0.00|445884.85|1434874.10
1425|2012-11-08T00:00:00|134993.63|0.00|134993.63|134993.63
1428|2012-11-22T00:00:00|2193960.00|0.00|1515280.00|2193960.00
1429|2014-12-15T00:00:00|13025454.36|2784910.71|12914056.08|15810365.07
1430|2012-08-31T00:00:00|146557.47|0.00|59540.38|146557.47
1431|2012-12-07T00:00:00|2810644.52|0.00|1661327.06|2810644.52
1432|2012-08-31T00:00:00|312117.82|0.00|257821.79|312117.82
1433|2015-12-04T00:00:00|1498075.99|0.00|923980.68|1498075.99
1434|2012-12-12T00:00:00|4097011.21|0.00|2883894.37|4097011.21
1438|2012-12-06T00:00:00|13669297.62|0.00|5503153.54|13669297.62
1441|2012-12-10T00:00:00|917635.22|0.00|0.00|917635.22
1442|2012-12-13T00:00:00|838534.72|0.00|416316.94|838534.72
1447|2015-05-25T00:00:00|39627433.87|-6933028.20|20842126.96|32694405.67
1448|2013-01-25T00:00:00|2365918.03|0.00|0.00|2365918.03
1449|2013-08-22T00:00:00|3914336.40|0.00|0.00|3914336.40
1450|2013-02-21T00:00:00|0.00|0.00|0.00|0.00
1452|2014-03-21T00:00:00|38726942.25|9565803.29|36985618.73|48292745.54
1453|2013-03-01T00:00:00|9453099.98|0.00|6063167.47|9453099.98
1455|2014-05-07T00:00:00|60252867.20|6356699.19|32621879.54|66609566.39
1457|2014-03-27T00:00:00|35297832.67|2350464.36|8588584.11|37648297.03
1458|2015-05-26T00:00:00|30932152.03|-68037.91|26923542.42|30864114.12
1459|2013-11-19T00:00:00|18359577.67|0.00|14889377.24|18359577.67
1462|2013-04-04T00:00:00|891683.00|0.00|45231.60|891683.00
1463|2013-04-04T00:00:00|162240.00|0.00|37760.00|162240.00
1464|2013-05-02T00:00:00|198140.00|420720.00|145060.00|618860.00
1465|2013-05-29T00:00:00|3224157.70|0.00|1387257.88|3224157.70
1467|2013-05-29T00:00:00|620802.39|0.00|293728.01|620802.39
1468|2013-05-29T00:00:00|565499.46|0.00|217282.11|565499.46
1469|2015-07-27T00:00:00|1647667.52|-2750.31|444179.63|1644917.21
1473|2013-05-29T00:00:00|409645.37|0.00|459588.05|409645.37
1475|2013-05-29T00:00:00|62130.01|0.00|0.00|62130.01
1476|2013-05-29T00:00:00|226248.08|0.00|124723.98|226248.08
1477|2013-05-29T00:00:00|63728.73|0.00|64740.49|63728.73
1478|2013-05-29T00:00:00|147034.80|0.00|141697.00|147034.80
1479|2013-05-29T00:00:00|56817.33|0.00|58965.91|56817.33
1480|2013-05-29T00:00:00|5094.58|0.00|0.00|5094.58
1481|2013-05-29T00:00:00|13324.94|0.00|13324.94|13324.94
1482|2013-05-29T00:00:00|9902.75|0.00|9902.75|9902.75
1483|2013-05-29T00:00:00|14251.29|0.00|14251.29|14251.29
1484|2013-05-29T00:00:00|3381.90|0.00|3381.90|3381.90
1485|2013-05-29T00:00:00|4215.93|0.00|0.00|4215.93
1487|2014-04-29T00:00:00|338313.49|0.00|338313.49|338313.49
1489|2016-12-07T00:00:00|20126945.66|1588687.41|17037112.00|21715633.07
1492|2014-08-07T00:00:00|8746846.00|1653330.77|6747626.83|10400176.77
1493|2014-05-15T00:00:00|22789402.86|0.00|469942.43|22789402.86
1494|2014-08-07T00:00:00|22320252.65|3474599.09|3755947.58|25794851.74
1495|2014-08-08T00:00:00|18230845.84|1352018.42|3155579.73|19582864.26
1496|2014-08-07T00:00:00|34238475.55|3736071.96|10906462.21|37974547.51
1499|2015-09-30T00:00:00|4064964.61|0.00|2334253.19|4064964.61
1500|2013-12-31T00:00:00|272831.37|0.00|198327.18|272831.37
1502|2013-05-29T00:00:00|695072.71|0.00|685581.94|695072.71
1503|2013-05-27T00:00:00|9417950.28|0.00|2448244.22|9417950.28
1504|2013-05-28T00:00:00|142380.48|0.00|71190.24|142380.48
1506|2013-05-14T00:00:00|66288.50|0.00|0.00|66288.50
1507|2013-05-15T00:00:00|123132.79|0.00|0.00|123132.79
1508|2013-05-29T00:00:00|491581.88|0.00|330599.39|491581.88
1509|2013-05-29T00:00:00|135775.62|0.00|135775.62|135775.62
1510|2013-05-29T00:00:00|67934.75|0.00|67934.75|67934.75
1511|2013-05-29T00:00:00|116848.26|0.00|145002.29|116848.26
1512|2013-05-29T00:00:00|113770.00|0.00|106165.68|113770.00
1513|2014-10-07T00:00:00|37826746.08|0.00|26252872.03|37826746.08
1517|2013-07-12T00:00:00|3724892.40|0.00|561059.23|3724892.40
1518|2013-07-12T00:00:00|2125920.00|0.00|0.00|2125920.00
1519|2013-07-12T00:00:00|2128000.00|243850.00|632665.00|2371850.00
1523|2013-06-28T00:00:00|229728.40|0.00|229728.40|229728.40
1524|2013-06-28T00:00:00|105000.00|0.00|0.00|105000.00
1525|2013-06-28T00:00:00|305700.00|0.00|0.00|305700.00
1526|2013-06-28T00:00:00|1875550.88|0.00|0.00|1875550.88
1527|2013-06-28T00:00:00|33543.12|0.00|10731.50|33543.12
1528|2013-08-09T00:00:00|35000000.00|0.00|25616920.29|35000000.00
1529|2013-07-12T00:00:00|258000.00|154800.00|60243.00|412800.00
1530|2017-10-20T00:00:00|101488639.09|-309259.89|74875160.56|101179379.20
1531|2013-06-28T00:00:00|0.00|0.00|0.00|0.00
1532|2019-06-19T00:00:00|72865691.64|27215582.03|59556678.26|100081273.67
1534|2013-05-13T00:00:00|658698.90|502402.02|969936.24|1161100.92
1535|2013-11-20T00:00:00|81538369.57|1243664.43|1531940.07|82782034.00
1536|2013-12-18T00:00:00|1639860.34|0.00|1409138.00|1639860.34
1538|2013-08-20T00:00:00|58873124.81|0.00|7029402.59|58873124.81
1539|2013-08-22T00:00:00|22789402.86|0.00|3657776.52|22789402.86
1540|2013-08-19T00:00:00|266516.45|0.00|74228.28|266516.45
1541|2013-08-19T00:00:00|326706.13|0.00|0.00|326706.13
1542|2013-08-19T00:00:00|235368.61|0.00|0.00|235368.61
1543|2014-02-20T00:00:00|1485438.64|256671.39|1122430.96|1742110.03
1546|2013-09-06T00:00:00|12096950.15|0.00|1655710.11|12096950.15
1548|2013-08-30T00:00:00|1646704.42|411641.61|0.00|2058346.03
1549|2013-09-06T00:00:00|68820715.03|0.00|27852064.21|68820715.03
1552|2014-04-23T00:00:00|129785025.39|0.00|0.00|129785025.39
1553|2013-06-06T00:00:00|413146.80|0.00|267535.20|413146.80
1554|2013-03-19T00:00:00|3316503.33|1421682.77|2751290.17|4738186.10
1555|2018-07-04T00:00:00|18020221000.00|0.00|811621091.56|18020221000.00
1556|2015-03-10T00:00:00|13977737.57|3488167.09|16654401.31|17465904.66
1560|2013-06-23T00:00:00|5253000.00|5253000.00|6236934.40|10506000.00
1561|2013-09-12T00:00:00|14565940.71|2812782.61|4322432.77|17378723.32
1562|2013-09-06T00:00:00|142694.11|0.00|142694.11|142694.11
1563|2014-06-04T00:00:00|21469499.77|-430883.88|5547636.20|21038615.89
1564|2015-03-11T00:00:00|11603837.14|2042664.53|12756145.83|13646501.67
1565|2013-10-01T00:00:00|1064182.03|0.00|505276.70|1064182.03
1566|2013-09-27T00:00:00|332988.00|0.00|0.00|332988.00
1567|2013-09-27T00:00:00|273414.00|0.00|273414.00|273414.00
1569|2013-09-27T00:00:00|0.00|0.00|0.00|0.00
1570|2013-09-03T00:00:00|404547.00|21390.00|343179.94|425937.00
1572|2013-06-23T00:00:00|280100.00|0.00|0.00|280100.00
1576|2013-10-11T00:00:00|0.00|0.00|0.00|0.00
1578|2013-10-25T00:00:00|243075.77|0.00|20368.75|243075.77
1579|2013-10-25T00:00:00|56673.49|0.00|35724.54|56673.49
1580|2013-10-25T00:00:00|147973.36|0.00|0.00|147973.36
1582|2013-10-25T00:00:00|849450.00|0.00|143450.05|849450.00
1584|2013-11-14T00:00:00|3418340.97|0.00|0.00|3418340.97
1585|2013-11-14T00:00:00|4198886.56|0.00|0.00|4198886.56
1588|2013-11-14T00:00:00|184909.62|0.00|79052.52|184909.62
1589|2013-11-29T00:00:00|185902.12|0.00|58894.48|185902.12
1590|2013-11-29T00:00:00|166124.60|0.00|29087.09|166124.60
1591|2013-11-29T00:00:00|978162.06|0.00|557105.43|978162.06
1592|2013-11-29T00:00:00|421091.28|0.00|324718.54|421091.28
1593|2014-02-19T00:00:00|718724.40|0.00|515671.12|718724.40
1595|2013-11-22T00:00:00|263543.43|0.00|0.00|263543.43
1596|2013-11-22T00:00:00|288674.98|0.00|130746.96|288674.98
1598|2013-12-18T00:00:00|144762.58|8447.94|126911.79|153210.52
1600|2013-12-18T00:00:00|761469.81|0.00|40993.29|761469.81
1601|2014-02-19T00:00:00|730840.77|0.00|122655.22|730840.77
1602|2019-09-30T00:00:00|8602488.84|16980981.63|23642540.50|25583470.47
1603|2015-09-30T00:00:00|8350270.06|841323.25|2024016.67|9191593.31
1604|2016-09-01T00:00:00|9265464.08|1316347.40|6416556.49|10581811.48
1605|2015-09-30T00:00:00|7756540.94|0.00|1279159.06|7756540.94
1606|2017-06-30T00:00:00|8892080.30|1750332.10|9856071.58|10642412.40
1607|2017-06-30T00:00:00|8694945.00|1509375.14|10119032.86|10204320.14
1608|2016-09-01T00:00:00|7691275.15|951040.70|8578108.55|8642315.85
1609|2013-11-14T00:00:00|148200.00|0.00|148000.00|148200.00
1610|2015-09-30T00:00:00|4189840.60|194711.79|1715274.44|4384552.39
1612|2013-12-18T00:00:00|1366550.70|0.00|379833.52|1366550.70
1613|2014-07-16T00:00:00|5240990.88|316054.83|0.00|5557045.71
1614|2013-11-22T00:00:00|512697.48|0.00|293452.77|512697.48
1615|2013-11-22T00:00:00|1531192.47|0.00|778788.82|1531192.47
1616|2013-11-22T00:00:00|2167349.30|0.00|1963573.82|2167349.30
1617|2013-12-20T00:00:00|132352.64|0.00|132352.64|132352.64
1618|2013-12-20T00:00:00|0.00|0.00|0.00|0.00
1620||610935.23|0.00|0.00|610935.23
1621|2013-12-20T00:00:00|0.00|0.00|0.00|0.00
1622|2013-12-20T00:00:00|1660388.02|0.00|464619.55|1660388.02
1625|2013-12-13T00:00:00|531824.68|0.00|202270.57|531824.68
1627|2013-12-13T00:00:00|146577.38|35290.55|181867.93|181867.93
1635|2014-09-24T00:00:00|15837876.59|0.00|14453814.37|15837876.59
1636|2015-12-04T00:00:00|324942.58|0.00|145389.55|324942.58
1637|2014-02-20T00:00:00|2328338.38|0.00|0.00|2328338.38
1638|2015-12-04T00:00:00|15020776.69|2539169.30|6631410.85|17559945.99
1639|2014-01-13T00:00:00|9651890.79|1543411.03|5559243.38|11195301.82
1648|2014-03-26T00:00:00|1061805.96|0.00|689798.23|1061805.96
1649|2012-07-11T00:00:00|191507.21|0.00|105115.03|191507.21
1650|2014-03-12T00:00:00|7168205.16|0.00|1605337.01|7168205.16
1651|2014-02-21T00:00:00|2316183.12|0.00|701116.54|2316183.12
1652|2014-02-14T00:00:00|0.00|0.00|0.00|0.00
1654|2016-11-25T00:00:00|15919250.61|1263957.24|10158479.16|17183207.85
1658|2014-03-11T00:00:00|491178.85|19926.68|511105.53|511105.53
1659|2014-03-11T00:00:00|518838.06|23667.75|123637.68|542505.81
1661|2014-02-25T00:00:00|64800.00|0.00|64800.00|64800.00
1663|2016-10-05T00:00:00|395380.58|3002637.84|1298652.50|3398018.42
1665|2013-12-20T00:00:00|84000.00|0.00|0.00|84000.00
1812|2018-06-29T00:00:00|14500000.00|0.00|21935990.56|14500000.00
1813|2015-05-27T00:00:00|6530875.39|889932.71|2597442.70|7420808.10
1814|2015-05-25T00:00:00|7650773.01|0.00|954416.00|7650773.01
1815|2015-05-25T00:00:00|8743137.16|0.00|655244.41|8743137.16
1820|2014-04-04T00:00:00|693668.15|12701.12|427975.57|706369.27
1821|2014-04-04T00:00:00|96224.00|0.00|16759.78|96224.00
1822|2014-04-11T00:00:00|150000.00|0.00|150000.00|150000.00
1823|2014-11-10T00:00:00|2357000.00|0.00|118087.32|2357000.00
1824|2014-11-10T00:00:00|1653121.64|0.00|0.00|1653121.64
1825|2014-11-10T00:00:00|1307910.00|0.00|0.00|1307910.00
1826|2014-11-10T00:00:00|2814798.42|0.00|604773.31|2814798.42
1827|2014-11-10T00:00:00|1146500.00|0.00|65820.00|1146500.00
1828|2014-11-10T00:00:00|254388.00|0.00|19952.00|254388.00
1829|2014-11-10T00:00:00|522774.50|0.00|0.00|522774.50
1830|2014-11-10T00:00:00|0.00|0.00|0.00|0.00
1831|2014-03-28T00:00:00|450000.00|0.00|415000.00|450000.00
1832|2014-02-28T00:00:00|420000.00|0.00|294000.00|420000.00
1833|2014-02-14T00:00:00|1290000.00|0.00|519889.54|1290000.00
1834|2014-02-14T00:00:00|420000.00|0.00|319200.00|420000.00
1835|2014-02-14T00:00:00|1500000.00|0.00|1186241.00|1500000.00
1836|2014-02-14T00:00:00|810000.00|0.00|543889.89|810000.00
1837|2014-02-14T00:00:00|450000.00|18000.00|263385.00|468000.00
1838|2014-02-14T00:00:00|450000.00|0.00|315257.46|450000.00
1839|2014-02-14T00:00:00|1440000.00|0.00|0.00|1440000.00
1840|2014-02-14T00:00:00|1470000.00|0.00|913304.35|1470000.00
1841|2014-02-14T00:00:00|1500000.00|0.00|611188.96|1500000.00
1842|2014-02-28T00:00:00|450000.00|0.00|433096.00|450000.00
1843|2014-05-09T00:00:00|561545.34|0.00|277987.27|561545.34
1844|2014-02-04T00:00:00|50062.08|0.00|20000.00|50062.08
1845|2014-03-28T00:00:00|450000.00|0.00|412340.70|450000.00
1846|2014-02-28T00:00:00|1470000.00|0.00|116330.00|1470000.00
1847|2014-02-28T00:00:00|1200000.00|0.00|0.00|1200000.00
1848|2014-02-28T00:00:00|855000.00|0.00|220500.00|855000.00
1849|2014-03-14T00:00:00|1110000.00|0.00|197142.32|1110000.00
1850|2014-03-28T00:00:00|1080000.00|0.00|170393.76|1080000.00
1851|2014-05-09T00:00:00|450000.00|0.00|405000.00|450000.00
1852|2014-05-16T00:00:00|1521936.00|0.00|0.00|1521936.00
1853|2014-05-09T00:00:00|1170000.00|0.00|0.00|1170000.00
1854|2015-08-07T00:00:00|1380000.00|0.00|460000.00|1380000.00
1855|2014-02-28T00:00:00|1500000.00|0.00|659547.97|1500000.00
1856|2014-02-28T00:00:00|1200000.00|0.00|532858.40|1200000.00
1857|2014-03-14T00:00:00|1100000.00|0.00|666526.62|1100000.00
1858|2014-03-28T00:00:00|900000.00|0.00|0.00|900000.00
1859|2014-03-28T00:00:00|1200000.00|0.00|663107.85|1200000.00
1860|2015-08-07T00:00:00|1200000.00|0.00|650000.00|1200000.00
1861|2015-08-07T00:00:00|450000.00|0.00|337500.00|450000.00
1862|2016-03-04T00:00:00|1200000.00|0.00|135000.00|1200000.00
1863|2014-02-28T00:00:00|1380000.00|0.00|392321.89|1380000.00
1864|2014-02-28T00:00:00|1140000.00|0.00|0.00|1140000.00
1865|2014-03-14T00:00:00|1380000.00|0.00|659545.18|1380000.00
1866|2014-05-09T00:00:00|1200000.00|0.00|203140.05|1200000.00
1867|2014-05-09T00:00:00|630000.00|0.00|108892.98|630000.00
1868|2015-08-07T00:00:00|1200000.00|0.00|150000.00|1200000.00
1869|2014-05-09T00:00:00|1140000.00|0.00|114000.00|1140000.00
1874|2014-01-10T00:00:00|580568.04|580568.04|927799.08|1161136.08
1875|2014-03-12T00:00:00|371796.00|0.00|267368.26|371796.00
1877|2014-08-08T00:00:00|3180100.92|0.00|1487039.35|3180100.92
1878|2014-05-30T00:00:00|549792.53|256707.84|599734.56|806500.37
1879|2014-05-30T00:00:00|1606290.85|0.00|375198.69|1606290.85
1882|2014-09-25T00:00:00|1279051.06|0.00|836554.03|1279051.06
1883|2014-09-25T00:00:00|2139004.06|0.00|782726.01|2139004.06
1884|2014-02-04T00:00:00|90787.73|0.00|12000.00|90787.73
1885|2014-02-04T00:00:00|140455.72|0.00|0.00|140455.72
1886|2014-05-21T00:00:00|50713.52|0.00|0.00|50713.52
1887|2015-01-16T00:00:00|1522269.12|0.00|1519426.74|1522269.12
1888|2014-02-04T00:00:00|125135.76|0.00|18539.18|125135.76
1892|2014-06-12T00:00:00|606564.18|3437197.20|1748672.23|4043761.38
1893|2014-06-12T00:00:00|1074565.74|1231239.06|1254321.36|2305804.80
1894|2014-07-10T00:00:00|2646570.06|0.00|1492439.43|2646570.06
1896|2014-05-16T00:00:00|275279.14|92468.25|0.00|367747.39
1897|2014-07-21T00:00:00|944834.24|0.00|0.00|944834.24
1898|2014-08-04T00:00:00|1916620.45|2335891.76|3470437.38|4252512.21
1899|2014-08-04T00:00:00|1148350.27|1026530.73|2208349.43|2174881.00
1900|2016-04-26T00:00:00|1444285.68|676029.28|2023136.80|2120314.96
1901|2014-12-17T00:00:00|769430.00|0.00|0.00|769430.00
1902|2014-05-23T00:00:00|0.00|0.00|0.00|0.00
1903|2014-07-31T00:00:00|0.00|0.00|0.00|0.00
1904|2015-07-01T00:00:00|743909.50|0.00|0.00|743909.50
1905|2014-07-03T00:00:00|511455.75|0.00|227853.90|511455.75
1907|2014-06-04T00:00:00|497049.18|0.00|56118.60|497049.18
1908|2015-04-23T00:00:00|4824464.92|2552158.92|9447694.49|7376623.84
1909|2018-05-09T00:00:00|6013577.10|1411010.96|4608934.35|7424588.06
1910|2018-05-09T00:00:00|1239809.80|0.00|671845.67|1239809.80
1911|2015-06-30T00:00:00|216896856.50|0.00|2576504.20|216896856.50
1912|2014-07-11T00:00:00|7062483.70|0.00|350772.42|7062483.70
1914|2013-09-03T00:00:00|27460.16|20595.12|48055.28|48055.28
1915|2015-08-10T00:00:00|190409.64|0.00|133689.80|190409.64
1919|2014-07-16T00:00:00|3543734.09|0.00|0.00|3543734.09
1920|2014-07-09T00:00:00|80880.65|0.00|61534.98|80880.65
1922|2014-07-09T00:00:00|1140583.43|0.00|756794.05|1140583.43
1923|2014-07-31T00:00:00|30608.13|0.00|0.00|30608.13
1924|2014-07-31T00:00:00|161798.13|0.00|0.00|161798.13
1925|2014-07-31T00:00:00|941176.88|0.00|0.00|941176.88
1926|2014-07-31T00:00:00|249000.31|0.00|0.00|249000.31
1927|2014-07-31T00:00:00|145469.86|0.00|0.00|145469.86
1928|2014-07-31T00:00:00|145800.00|0.00|0.00|145800.00
1929|2014-07-31T00:00:00|145404.37|0.00|0.00|145404.37
1930|2015-06-30T00:00:00|146700.00|0.00|29340.00|146700.00
1931|2014-07-31T00:00:00|146285.62|0.00|0.00|146285.62
1933|2014-07-16T00:00:00|2446374.60|0.00|0.00|2446374.60
1934|2014-06-05T00:00:00|0.00|0.00|0.00|0.00
1935|2014-06-05T00:00:00|0.00|0.00|0.00|0.00
1936|2014-05-09T00:00:00|38416.95|0.00|38416.95|38416.95
1937|2014-11-12T00:00:00|422358.36|0.00|162864.09|422358.36
1938|2014-07-25T00:00:00|119156.72|0.00|119156.72|119156.72
1939|2018-01-26T00:00:00|211184.20|0.00|0.00|211184.20
1940|2014-05-09T00:00:00|0.00|0.00|0.00|0.00
1941|2014-06-11T00:00:00|19970624.96|0.00|0.00|19970624.96
1942|2014-10-31T00:00:00|2429925.73|0.00|2428233.84|2429925.73
1945|2014-09-16T00:00:00|543324.44|57084.15|481598.60|600408.59
1946|2014-10-16T00:00:00|1322701.03|661154.12|1311173.03|1983855.15
1949|2014-09-15T00:00:00|9576099.55|301877.52|8001080.81|9877977.07
1950|2014-09-05T00:00:00|750000.00|0.00|401625.00|750000.00
1951|2015-03-04T00:00:00|13915533.15|2542465.77|5276610.13|16457998.92
1953|2014-10-01T00:00:00|27900000.00|0.00|0.00|27900000.00
1954|2014-10-07T00:00:00|1096397.39|0.00|98163.45|1096397.39
1955|2014-10-07T00:00:00|1453951.31|0.00|0.00|1453951.31
1958|2014-10-07T00:00:00|2165432.65|0.00|0.00|2165432.65
1959|2015-09-10T00:00:00|10130251.83|0.00|6874514.52|10130251.83
1961|2014-10-17T00:00:00|144341.84|0.00|144341.84|144341.84
1962|2014-08-29T00:00:00|0.00|0.00|0.00|0.00
1964|2014-10-07T00:00:00|5871897.11|0.00|0.00|5871897.11
1965|2014-10-07T00:00:00|5394571.86|0.00|0.00|5394571.86
1966|2014-10-07T00:00:00|4832312.64|0.00|0.00|4832312.64
1967|2014-11-04T00:00:00|1862173.11|408817.25|823700.17|2270990.36
1974|2018-03-12T00:00:00|602014857.00|0.00|111646597.37|602014857.00
1975|2014-11-11T00:00:00|1368680.85|0.00|691639.93|1368680.85
1976|2015-05-15T00:00:00|2600621.28|3737546.90|6089218.38|6338168.18
1977|2014-12-26T00:00:00|149322.01|0.00|0.00|149322.01
1978|2014-11-19T00:00:00|10574802.36|0.00|3143328.58|10574802.36
1979|2014-06-30T00:00:00|2736860.69|0.00|2736651.50|2736860.69
1980|2014-08-15T00:00:00|979096.87|0.00|979096.19|979096.87
1981|2014-12-17T00:00:00|645620.67|0.00|0.00|645620.67
1982|2018-12-06T00:00:00|151105752.66|0.00|2209528.37|151105752.66
1984|2014-11-26T00:00:00|143970.88|0.00|130000.00|143970.88
1985|2014-12-26T00:00:00|72800.00|0.00|92050.00|72800.00
1986|2015-02-11T00:00:00|4059999.92|0.00|1143958.57|4059999.92
1987|2014-11-26T00:00:00|8840.00|0.00|8840.00|8840.00
1988|2015-03-13T00:00:00|321811.88|80452.97|402264.85|402264.85
1989|2015-03-13T00:00:00|149378.03|0.00|149378.03|149378.03
1990|2015-03-12T00:00:00|305952.00|0.00|305952.00|305952.00
1991|2014-10-14T00:00:00|187426.65|45931.10|187426.65|233357.75
1992||30583267.91|1945356.85|12523242.71|32528624.76
1993||32617162.33|1048285.13|15336686.18|33665447.46
1994||49943831.54|422165.82|20562278.87|50365997.36
1997|2015-03-23T00:00:00|119683.78|0.00|29684.10|119683.78
1998|2015-02-27T00:00:00|686447.76|0.00|224434.28|686447.76
1999|2015-03-23T00:00:00|62168.36|0.00|18244.42|62168.36
2000|2015-03-23T00:00:00|441189.81|0.00|0.00|441189.81
2001|2015-03-23T00:00:00|439526.30|0.00|89586.64|439526.30
2002|2015-02-27T00:00:00|440357.73|0.00|0.00|440357.73
2003|2015-03-23T00:00:00|442853.31|0.00|0.00|442853.31
2004|2015-02-27T00:00:00|151000.00|0.00|82483.14|151000.00
2006|2015-01-22T00:00:00|6649966.62|0.00|387443.94|6649966.62
2007|2015-02-24T00:00:00|1453605.56|46074.62|730608.34|1499680.18
2008|2016-11-23T00:00:00|23227172.57|2906649.17|23763785.16|26133821.74
2009|2015-03-05T00:00:00|147341.24|0.00|136940.32|147341.24
2010|2014-09-30T00:00:00|325396.17|696686.95|0.00|1022083.12
2011|2015-02-05T00:00:00|134294.81|0.00|13362.24|134294.81
2012|2015-03-05T00:00:00|3306209.34|-82542.61|663395.63|3223666.73
2013|2015-02-05T00:00:00|2401648.21|0.00|0.00|2401648.21
2014|2015-03-20T00:00:00|1145191.11|0.00|190010.14|1145191.11
2015|2015-03-24T00:00:00|3656416.48|0.00|1542846.38|3656416.48
2016|2015-03-24T00:00:00|1072714.00|0.00|0.00|1072714.00
2017|2014-11-07T00:00:00|1884178.08|2173069.62|3979824.67|4057247.70
2018|2014-11-07T00:00:00|4333967.64|0.00|4278318.35|4333967.64
2019|2014-11-07T00:00:00|2166983.82|0.00|2142512.29|2166983.82
2020|2014-11-07T00:00:00|2166983.82|0.00|2164613.40|2166983.82
2021|2014-11-07T00:00:00|2166983.82|0.00|2109891.29|2166983.82
2022|2014-11-07T00:00:00|2166983.82|0.00|1263294.97|2166983.82
2025|2015-04-17T00:00:00|1019123.41|0.00|203697.87|1019123.41
2026|2015-04-17T00:00:00|915023.98|0.00|181380.00|915023.98
2027|2015-04-17T00:00:00|405149.83|0.00|75751.61|405149.83
2028|2015-04-17T00:00:00|405049.83|0.00|78440.97|405049.83
2031|2015-03-25T00:00:00|0.00|0.00|0.00|0.00
2032|2015-03-25T00:00:00|0.00|0.00|0.00|0.00
2033|2015-03-25T00:00:00|0.00|0.00|0.00|0.00
2034|2015-03-25T00:00:00|0.00|0.00|0.00|0.00
2036|2015-03-19T00:00:00|0.00|0.00|0.00|0.00
2038|2013-11-29T00:00:00|814156.54|2373265.04|3187421.58|3187421.58
2039|2015-03-12T00:00:00|4522155.42|0.00|1036229.40|4522155.42
2040|2016-03-24T00:00:00|14573436.00|20833680.00|37968074.80|35407116.00
2041|2015-04-01T00:00:00|422863.33|0.00|59954.64|422863.33
2044|2015-04-17T00:00:00|5642400.50|1410599.64|5969114.37|7053000.14
2045|2015-05-15T00:00:00|5012140.37|0.00|2102007.22|5012140.37
2046|2015-04-17T00:00:00|248332.71|26919.29|272395.85|275252.00
2049|2017-06-20T00:00:00|64401947.86|12506642.95|33814442.99|76908590.81
2050|2015-05-27T00:00:00|19131975.72|0.00|6741419.28|19131975.72
2052|2015-04-24T00:00:00|123017.00|0.00|92652.26|123017.00
2053|2015-04-24T00:00:00|146480.50|0.00|59862.94|146480.50
2054|2015-04-16T00:00:00|1130732.55|254478.80|740727.14|1385211.35
2055|2015-04-16T00:00:00|5275865.16|0.00|1788835.41|5275865.16
2056|2015-04-16T00:00:00|1672441.84|415756.17|1748486.93|2088198.01
2057|2015-04-16T00:00:00|806902.06|174298.88|702764.02|981200.94
2059|2015-10-07T00:00:00|7320000.20|-3046338.10|2575018.42|4273662.10
2060|2015-05-27T00:00:00|992030.16|248007.54|809058.71|1240037.70
2065|2015-07-27T00:00:00|1652066.62|0.00|1006314.10|1652066.62
2066|2015-07-27T00:00:00|914836.29|63683.00|1126639.07|978519.29
2067|2015-07-27T00:00:00|4836602.40|0.00|1044591.72|4836602.40
2068|2015-07-27T00:00:00|1963034.62|0.00|542450.71|1963034.62
2069|2018-04-03T00:00:00|138443.29|0.00|138442.29|138443.29
2070|2015-07-27T00:00:00|246704.28|54546.27|301438.29|301250.55
2071|2018-04-03T00:00:00|265500.00|0.00|207110.01|265500.00
2072|2015-07-27T00:00:00|950000.03|0.00|69410.95|950000.03
2073|2015-07-27T00:00:00|110437.88|0.00|40959.70|110437.88
2075|2014-06-10T00:00:00|21523883.13|1215084.59|21284833.18|22738967.72
2076|2015-04-23T00:00:00|7845455.29|0.00|0.00|7845455.29
2079|2015-06-30T00:00:00|126000.00|0.00|75600.00|126000.00
2082|2015-06-30T00:00:00|44650.00|0.00|44650.00|44650.00
2083|2015-06-30T00:00:00|50400.00|0.00|4200.00|50400.00
2086|2015-06-30T00:00:00|146272.90|0.00|146100.00|146272.90
2087|2015-06-30T00:00:00|144357.21|0.00|144357.21|144357.21
2088|2015-06-30T00:00:00|70000.00|0.00|34999.98|70000.00
2089|2015-06-30T00:00:00|101850.00|0.00|101850.00|101850.00
2092|2015-06-12T00:00:00|390146.12|0.00|390132.87|390146.12
2096|2016-05-31T00:00:00|19203689.46|481000.08|14735158.56|19684689.54
2097|2015-06-02T00:00:00|360710.27|90177.56|333747.17|450887.83
2104|2019-10-01T00:00:00|13461343.40|59803497.04|50141329.43|73264840.44
2105|2019-09-25T00:00:00|8745144.73|58121602.33|42325724.38|66866747.06
2106|2016-11-29T00:00:00|7737038.89|11840967.18|6514241.87|19578006.07
2110|2015-02-26T00:00:00|270947.86|67710.32|338657.94|338658.18
2111|2015-06-30T00:00:00|48502.69|0.00|48502.68|48502.69
2114|2015-06-19T00:00:00|1200000.00|0.00|370599.66|1200000.00
2117|2016-09-02T00:00:00|246007780.35|78517821.35|292500490.00|324525601.70
2120|2016-03-04T00:00:00|1200000.00|0.00|1019727.00|1200000.00
2122|2020-12-15T00:00:00|34243730.64|18495630.80|50580554.75|52739361.44
2124|2016-11-07T00:00:00|328878.61|88300.75|283859.21|417179.36
2125|2015-07-24T00:00:00|4774520.94|0.00|0.00|4774520.94
2128|2015-06-19T00:00:00|870000.00|0.00|151682.64|870000.00
2129|2015-06-19T00:00:00|1500000.00|0.00|1149363.50|1500000.00
2130|2018-09-28T00:00:00|69577501.94|23802583.02|61506027.64|93380084.96
2132|2015-08-19T00:00:00|1149136.75|0.00|568357.00|1149136.75
2133|2015-03-20T00:00:00|1396378.61|0.00|982667.74|1396378.61
2134|2015-03-20T00:00:00|2925345.60|433428.91|2702238.61|3358774.51
2135|2018-12-06T00:00:00|6129709.74|0.00|425394.72|6129709.74
2136|2015-03-20T00:00:00|2928583.44|0.00|0.00|2928583.44
2137|2017-11-30T00:00:00|2338986.71|415217.60|2489860.90|2754204.31
2138|2015-08-21T00:00:00|5142470.53|1462145.04|3312611.00|6604615.57
2144|2015-09-02T00:00:00|61020.00|18490.00|79510.00|79510.00
2145|2015-09-02T00:00:00|260400.00|0.00|222190.00|260400.00
2146|2015-09-05T00:00:00|154200.00|9840.00|132598.00|164040.00
2147|2015-09-05T00:00:00|100014.08|0.00|100014.08|100014.08
2148|2015-09-05T00:00:00|34472.72|34472.72|68945.44|68945.44
2149|2015-09-04T00:00:00|490009.68|273390.30|458700.26|763399.98
2150|2016-11-07T00:00:00|58082633.45|6993528.89|32083642.87|65076162.34
2153|2015-08-07T00:00:00|1050000.00|0.00|350000.00|1050000.00
2154|2015-08-07T00:00:00|900000.00|0.00|112500.00|900000.00
2156|2017-07-07T00:00:00|466793.69|0.00|155521.09|466793.69
2159|2015-10-09T00:00:00|1432524.36|1581265.72|1516141.34|3013790.08
2160|2015-10-09T00:00:00|928484.94|0.00|276497.13|928484.94
2163|2015-10-09T00:00:00|732803.55|0.00|0.00|732803.55
2164|2015-10-09T00:00:00|381284.98|0.00|0.00|381284.98
2165|2015-10-09T00:00:00|0.00|0.00|0.00|0.00
2170|2015-10-02T00:00:00|68516.34|0.00|14591.66|68516.34
2171|2015-10-20T00:00:00|1876930.88|2521103.31|2339061.66|4398034.19
2172|2015-10-01T00:00:00|1155355.19|1155355.19|1671022.56|2310710.38
2173|2015-10-09T00:00:00|559714.98|0.00|292546.06|559714.98
2174|2015-10-09T00:00:00|83431.14|0.00|83431.14|83431.14
2175|2015-10-09T00:00:00|635103.80|0.00|522707.68|635103.80
2176|2015-10-09T00:00:00|1295973.77|0.00|146329.71|1295973.77
2177|2015-10-13T00:00:00|757564.89|0.00|221372.40|757564.89
2178|2015-10-08T00:00:00|312600.00|259320.00|540250.00|571920.00
2185|2015-12-04T00:00:00|411888.29|0.00|0.00|411888.29
2186|2015-12-04T00:00:00|215047.68|0.00|0.00|215047.68
2191|2015-10-15T00:00:00|503401.46|0.00|102000.00|503401.46
2192|2015-10-14T00:00:00|207218.50|0.00|207218.50|207218.50
2193|2017-10-20T00:00:00|29905505.68|7525061.73|25582311.99|37430567.41
2194|2015-12-02T00:00:00|29902283.40|12474094.64|32581370.94|42376378.04
2195|2015-12-02T00:00:00|16796191.25|4816331.60|14371070.40|21612522.85
2196|2015-12-02T00:00:00|11064262.91|4657678.00|13591409.71|15721940.91
2197|2015-12-01T00:00:00|96570509.59|0.00|2541383.00|96570509.59
2200|2015-10-22T00:00:00|3890332.20|0.00|4419307.56|3890332.20
2201|2015-10-21T00:00:00|46749857.25|0.00|23980766.83|46749857.25
2202|2015-10-20T00:00:00|25998962.42|0.00|31357931.48|25998962.42
2203|2016-02-26T00:00:00|1463593.14|0.00|1537694.32|1463593.14
2204|2016-02-29T00:00:00|4482616.65|0.00|476593.14|4482616.65
2205|2016-02-29T00:00:00|1533163.33|0.00|992920.31|1533163.33
2207|2016-03-31T00:00:00|2860000.00|0.00|2570361.54|2860000.00
2208|2015-12-17T00:00:00|515565.60|515565.60|1031131.20|1031131.20
2209|2015-12-17T00:00:00|3123568.80|2759165.60|5882734.40|5882734.40
2210|2016-02-18T00:00:00|3037143.17|0.00|557528.19|3037143.17
2211|2016-03-04T00:00:00|1500000.00|0.00|1256250.00|1500000.00
2212|2014-11-12T00:00:00|15790991.70|0.00|13931298.74|15790991.70
2213|2016-03-23T00:00:00|411053.41|0.00|395736.28|411053.41
2214|2015-11-19T00:00:00|0.00|0.00|0.00|0.00
2215|2016-03-23T00:00:00|890074.35|0.00|800334.31|890074.35
2216|2016-02-22T00:00:00|16364540.94|0.00|14287661.94|16364540.94
2217|2018-08-03T00:00:00|8291090.55|0.00|1171777.44|8291090.55
2218|2016-05-04T00:00:00|2490225.60|2490225.60|3883477.66|4980451.20
2219|2016-04-29T00:00:00|5378000.00|0.00|3177354.17|5378000.00
2222|2016-05-04T00:00:00|147719.52|0.00|14771.95|147719.52
2223|2016-05-04T00:00:00|0.00|0.00|0.00|0.00
2225|2016-02-23T00:00:00|893541.72|0.00|893541.72|893541.72
2227|2016-05-13T00:00:00|2083998.72|0.00|218815.09|2083998.72
2229|2016-06-16T00:00:00|270346.05|0.00|91219.14|270346.05
2230|2016-05-16T00:00:00|373108.93|-117060.23|0.00|256048.70
2231|2016-05-16T00:00:00|107084.31|0.00|54112.29|107084.31
2232|2016-06-21T00:00:00|1449978.13|0.00|564532.29|1449978.13
2233|2016-06-17T00:00:00|1889498.73|0.00|0.00|1889498.73
2235|2016-03-04T00:00:00|1200000.00|0.00|1010000.00|1200000.00
2236|2016-04-29T00:00:00|1140000.00|0.00|0.00|1140000.00
2237|2016-04-29T00:00:00|1500000.00|0.00|0.00|1500000.00
2238|2016-04-29T00:00:00|1200000.00|0.00|0.00|1200000.00
2239|2016-04-29T00:00:00|1080000.00|0.00|0.00|1080000.00
2240|2016-04-29T00:00:00|1200000.00|0.00|0.00|1200000.00
2241|2016-05-06T00:00:00|599709.85|0.00|361955.30|599709.85
2242|2016-04-08T00:00:00|1315000.00|0.00|1285093.55|1315000.00
2243|2016-05-11T00:00:00|1282258.29|0.00|28711.60|1282258.29
2244|2016-05-11T00:00:00|539189.41|0.00|0.00|539189.41
2245|2016-05-06T00:00:00|135059.75|2315.94|92080.94|137375.69
2246|2016-05-06T00:00:00|225717.44|35737.89|158334.22|261455.33
2248|2016-05-06T00:00:00|868842.43|21243.23|805256.70|890085.66
2249|2016-05-06T00:00:00|382933.23|14616.16|286239.51|397549.39
2252|2017-08-23T00:00:00|19699998.66|-38729.25|15309506.01|19661269.41
2253|2017-08-07T00:00:00|10782230.49|2972752.09|12840749.73|13754982.58
2254|2017-07-20T00:00:00|16176945.73|522289.15|17645875.81|16699234.88
2258|2016-05-23T00:00:00|509039.26|0.00|0.00|509039.26
2259|2016-05-12T00:00:00|1836673.26|0.00|1226055.13|1836673.26
2260|2016-05-18T00:00:00|1161849.74|91702.60|1031346.81|1253552.34
2261|2016-05-25T00:00:00|103218.88|0.00|46690.92|103218.88
2262|2016-05-19T00:00:00|128947.99|0.00|0.00|128947.99
2264|2016-05-06T00:00:00|0.00|0.00|0.00|0.00
2265|2018-05-16T00:00:00|8844206.00|-7707.70|6158453.13|8836498.30
2266|2016-03-31T00:00:00|21985725.64|-117386.13|1657771.62|21868339.51
2268|2018-06-28T00:00:00|12555955.92|2879375.18|6435195.60|15435331.10
2269|2016-05-17T00:00:00|984536.17|164560.62|1028014.94|1149096.79
2272|2016-05-04T00:00:00|29418761.98|7085051.20|20627785.88|36503813.18
2273|2019-09-26T00:00:00|11993411.75|2884461.12|7610152.92|14877872.87
2274|2016-05-03T00:00:00|4275418.25|606125.64|2461512.42|4881543.89
2275|2016-05-11T00:00:00|12273660.30|5860974.07|17581247.21|18134634.37
2279|2016-04-18T00:00:00|14500000.00|3603271.68|17436181.59|18103271.68
2280|2016-04-12T00:00:00|6530875.39|911908.50|7192701.19|7442783.89
2281|2016-04-13T00:00:00|8743137.16|748084.54|5646409.55|9491221.70
2282|2016-11-29T00:00:00|7650773.01|850170.73|5192193.29|8500943.74
2283|2016-11-08T00:00:00|14912805.57|1495650.99|11273980.30|16408456.56
2284|2016-11-09T00:00:00|24823495.80|4816604.33|22864577.83|29640100.13
2286|2017-10-05T00:00:00|3874373.50|962527.45|783498.50|4836900.95
2289|2016-06-03T00:00:00|2536828.55|0.00|2062652.50|2536828.55
2290|2016-06-08T00:00:00|484474.39|76668.24|378326.58|561142.63
2291|2016-06-08T00:00:00|902858.96|0.00|551148.08|902858.96
2292|2016-06-09T00:00:00|572386.06|0.00|165064.59|572386.06
2293|2016-06-16T00:00:00|1249798.43|0.00|2940927.02|1249798.43
2294|2016-07-28T00:00:00|135982.08|407946.24|407946.24|543928.32
2295|2016-08-31T00:00:00|702450.50|0.00|0.00|702450.50
2296|2019-06-21T00:00:00|1555375.43|1332990.95|2721906.92|2888366.38
2298|2019-02-27T00:00:00|660922.65|153205.56|468544.06|814128.21
2299|2016-07-20T00:00:00|76048.10|0.00|18472.00|76048.10
2300|2018-03-07T00:00:00|835738.66|0.00|0.00|835738.66
2301|2019-03-08T00:00:00|120893.51|0.00|45663.01|120893.51
2302|2019-03-01T00:00:00|432023.16|0.00|0.00|432023.16
2303|2019-02-28T00:00:00|343735.85|0.00|0.00|343735.85
2304|2018-03-07T00:00:00|813363.36|0.00|0.00|813363.36
2306|2016-08-16T00:00:00|19203724.77|0.00|2276463.70|19203724.77
2308|2017-06-30T00:00:00|3929117.26|0.00|663904.73|3929117.26
2309|2017-04-07T00:00:00|4075542.07|480921.54|4151839.99|4556463.61
2311|2018-03-09T00:00:00|4356653.94|247419.93|4383720.23|4604073.87
2313|2017-12-07T00:00:00|10363914.23|898982.22|11087064.84|11262896.45
2314|2017-12-07T00:00:00|465746.33|89043.05|485461.73|554789.38
2316|2017-12-07T00:00:00|473942.27|70263.68|486279.80|544205.95
2317|2017-12-07T00:00:00|469149.22|65205.77|482383.73|534354.99
2318|2018-05-04T00:00:00|272620.82|22027.93|276791.45|294648.75
2319|2016-09-01T00:00:00|469631.21|20673.34|401388.46|490304.55
2320|2016-08-19T00:00:00|585921.55|0.00|374831.28|585921.55
2321|2016-09-01T00:00:00|3914293.49|0.00|108693.79|3914293.49
2322|2016-08-19T00:00:00|754302.32|0.00|71106.27|754302.32
2324|2016-08-15T00:00:00|45535.14|0.00|45535.14|45535.14
2326|2016-09-08T00:00:00|953953.38|277157.74|758541.58|1231111.12
2327|2017-07-20T00:00:00|21842051.52|3391300.06|14592665.16|25233351.58
2328|2017-07-20T00:00:00|20841997.38|-1553735.99|6365798.38|19288261.39
2329|2016-09-09T00:00:00|345000.00|5051702.88|3571591.87|5396702.88
2330|2016-11-04T00:00:00|1412686.00|0.00|275079.87|1412686.00
2333|2018-01-26T00:00:00|248994.32|0.00|79278.18|248994.32
2338|2017-04-07T00:00:00|4167486.44|184734.45|4268493.35|4352220.89
2339|2017-04-07T00:00:00|1597050.32|289655.01|1853188.25|1886705.33
2340|2017-04-07T00:00:00|4145612.59|229413.07|3454225.13|4375025.66
2341|2018-03-09T00:00:00|3933450.90|0.00|3655682.35|3933450.90
2342|2017-06-30T00:00:00|3935501.91|329452.69|3847765.80|4264954.60
2343|2018-05-04T00:00:00|291592.19|7935.55|279683.52|299527.74
2344|2018-05-04T00:00:00|466303.90|54159.77|458315.00|520463.67
2345|2018-05-04T00:00:00|223424.09|0.00|223294.05|223424.09
2346|2018-05-04T00:00:00|458781.85|82554.07|492299.49|541335.92
2347|2017-12-07T00:00:00|454053.70|34961.07|472144.68|489014.77
2348|2017-12-07T00:00:00|435590.92|58760.67|468516.79|494351.59
2349|2017-12-07T00:00:00|453524.27|30809.72|458995.69|484333.99
2353|2016-09-06T00:00:00|800339.22|33337.80|264661.73|833677.02
2354|2016-09-05T00:00:00|498150.40|0.00|135149.56|498150.40
2355|2016-09-22T00:00:00|1704120.00|0.00|887265.00|1704120.00
2358|2016-10-04T00:00:00|243000.00|0.00|452075.83|243000.00
2359|2016-09-23T00:00:00|16500000.00|0.00|0.00|16500000.00
2360|2016-11-03T00:00:00|1755332.68|-893343.59|861989.09|861989.09
2362|2016-08-11T00:00:00|0.00|0.00|0.00|0.00
2363|2016-11-24T00:00:00|2190108.84|2118159.79|2991568.60|4308268.63
2365|2016-11-22T00:00:00|1228434.30|0.00|681600.65|1228434.30
2366|2016-11-25T00:00:00|1194085.08|989828.35|1852615.83|2183913.43
2367||110191.41|0.00|45000.00|110191.41
2368||133653.07|0.00|61000.00|133653.07
2369|2016-12-07T00:00:00|5322539.16|0.00|1821343.42|5322539.16
2370|2016-12-07T00:00:00|6352010.08|1028262.70|6143072.85|7380272.78
2372|2016-09-29T00:00:00|737089.38|0.00|737089.38|737089.38
2379|2016-10-28T00:00:00|592780.20|0.00|592780.20|592780.20
2382|2016-12-07T00:00:00|1728414.30|187928.30|1829483.79|1916342.60
2383|2016-11-03T00:00:00|461121.23|0.00|461121.23|461121.23
2384|2016-11-03T00:00:00|1404287.16|0.00|410218.23|1404287.16
2386|2016-11-09T00:00:00|1238665.86|0.00|0.00|1238665.86
2387|2016-11-10T00:00:00|211094.11|0.00|211094.11|211094.11
2388|2016-11-10T00:00:00|1799971.59|344346.93|517866.22|2144318.52
2390||15990874.72|1740774.13|7096583.93|17731648.85
2391|2016-11-10T00:00:00|289036.48|0.00|105653.05|289036.48
2392|2017-04-26T00:00:00|984152.45|221371.54|367495.28|1205523.99
2393|2019-06-21T00:00:00|714849.74|-89344.20|548325.54|625505.54
2395|2016-05-26T00:00:00|46743895.40|0.00|0.00|46743895.40
2400|2017-08-04T00:00:00|7297558.34|0.00|4653734.16|7297558.34
2401|2017-02-13T00:00:00|127701.75|0.00|30535.89|127701.75
2402|2017-01-13T00:00:00|1049620.00|0.00|290150.00|1049620.00
2403|2017-02-15T00:00:00|1310088.00|764218.00|1200914.00|2074306.00
2404||6648505.08|0.00|4120631.92|6648505.08
2407|2016-07-05T00:00:00|904155.36|2094301.65|2450623.77|2998457.01
2409|2017-02-17T00:00:00|0.00|0.00|0.00|0.00
2410|2017-06-21T00:00:00|15267769.97|3805036.85|3464053.92|19072806.82
2411|2017-03-15T00:00:00|32693340.56|0.00|4662479.98|32693340.56
2414|2017-04-12T00:00:00|0.00|0.00|0.00|0.00
2416|2018-04-02T00:00:00|4275418.25|606125.65|2461512.42|4881543.90
2418|2017-01-17T00:00:00|148800.00|0.00|0.00|148800.00
2419|2017-08-24T00:00:00|10186500.00|-537298.37|5708668.78|9649201.63
2420|2017-04-12T00:00:00|306646.39|-6620.69|297021.20|300025.70
2421|2017-04-12T00:00:00|190728.39|-59740.76|121553.24|130987.63
2422|2017-04-12T00:00:00|2598080.91|0.00|1304175.21|2598080.91
2423|2017-04-12T00:00:00|2328971.82|248534.67|1813415.80|2577506.49
2424|2017-04-12T00:00:00|1243781.96|0.00|307418.28|1243781.96
2425|2017-04-12T00:00:00|200713.42|0.00|200534.03|200713.42
2426|2017-05-12T00:00:00|114864.10|0.00|0.00|114864.10
2427|2017-05-12T00:00:00|1572500.00|0.00|0.00|1572500.00
2429|2017-06-08T00:00:00|11387019.14|11387019.14|20361176.00|22774038.28
2432|2017-06-01T00:00:00|384680.40|0.00|128226.80|384680.40
2433|2016-02-29T00:00:00|1500000.00|0.00|0.00|1500000.00
2436|2017-06-06T00:00:00|13063875.46|42775823.69|42039908.83|55839699.15
2437|2017-06-06T00:00:00|1397162.10|349289.60|1138036.90|1746451.70
2438|2017-06-06T00:00:00|6329816.23|212787.85|919711.88|6542604.08
2439|2017-06-06T00:00:00|3534999.86|0.00|1957263.10|3534999.86
2440|2017-06-06T00:00:00|121154.55|0.00|0.00|121154.55
2441|2016-02-29T00:00:00|1200000.00|0.00|0.00|1200000.00
2442|2017-03-14T00:00:00|1110000.00|0.00|0.00|1110000.00
2443|2018-03-19T00:00:00|900000.00|0.00|519695.12|900000.00
2444|2016-11-08T00:00:00|1080000.00|0.00|0.00|1080000.00
2445|2015-06-15T00:00:00|1200000.00|0.00|0.00|1200000.00
2446|2017-11-17T00:00:00|2010011.21|273192.41|1459193.49|2283203.62
2447|2016-11-10T00:00:00|900000.00|0.00|0.00|900000.00
2448|2016-02-02T00:00:00|1200000.00|0.00|0.00|1200000.00
2449|2016-02-29T00:00:00|1200000.00|0.00|0.00|1200000.00
2450|2015-06-15T00:00:00|870000.00|0.00|0.00|870000.00
2451|2016-04-25T00:00:00|1500000.00|0.00|0.00|1500000.00
2453|2015-08-03T00:00:00|1200000.00|0.00|0.00|1200000.00
2454|2015-08-03T00:00:00|1200000.00|0.00|0.00|1200000.00
2455|2017-03-14T00:00:00|1200000.00|0.00|0.00|1200000.00
2456|2016-11-07T00:00:00|1200000.00|0.00|0.00|1200000.00
2457|2015-08-03T00:00:00|1050000.00|0.00|0.00|1050000.00
2458|2016-04-25T00:00:00|1080000.00|0.00|0.00|1080000.00
2459|2015-06-15T00:00:00|1230000.00|0.00|0.00|1230000.00
2460|2017-03-14T00:00:00|1020000.00|0.00|0.00|1020000.00
2461|2015-08-03T00:00:00|900000.00|0.00|0.00|900000.00
2462|2016-04-25T00:00:00|1200000.00|0.00|0.00|1200000.00
2463|2016-11-08T00:00:00|1500000.00|0.00|0.00|1500000.00
2464|2016-04-25T00:00:00|1200000.00|0.00|0.00|1200000.00
2465|2016-04-25T00:00:00|1140000.00|0.00|0.00|1140000.00
2466|2015-08-03T00:00:00|1180000.00|0.00|0.00|1180000.00
2468|2015-08-03T00:00:00|450000.00|0.00|0.00|450000.00
2469|2016-06-21T00:00:00|1500000.00|0.00|0.00|1500000.00
2470|2016-02-02T00:00:00|1200000.00|0.00|0.00|1200000.00
2473|2016-06-17T00:00:00|94548504.20|0.00|1672750.70|94548504.20
2474|2016-05-25T00:00:00|1553434.10|0.00|1196354.40|1553434.10
2475|2017-05-16T00:00:00|2889465.43|0.00|2082664.94|2889465.43
2476|2017-05-11T00:00:00|71901.27|17074.13|88975.40|88975.40
2479|2017-05-12T00:00:00|883943.65|0.00|0.00|883943.65
2480|2017-05-12T00:00:00|497942.16|0.00|363303.28|497942.16
2482|2017-05-12T00:00:00|242837.69|0.00|0.00|242837.69
2486|2017-05-12T00:00:00|117189.70|0.00|124999.83|117189.70
2487|2017-05-03T00:00:00|0.00|0.00|0.00|0.00
2488|2017-05-12T00:00:00|810409.49|0.00|543319.92|810409.49
2489|2017-04-27T00:00:00|0.00|0.00|0.00|0.00
2491|2017-05-12T00:00:00|244158.80|0.00|63443.52|244158.80
2492|2017-05-12T00:00:00|991834.28|0.00|745681.99|991834.28
2493|2017-07-11T00:00:00|753847.48|0.00|753847.48|753847.48
2494|2017-05-16T00:00:00|502235.49|0.00|346702.82|502235.49
2495|2017-05-16T00:00:00|502235.49|0.00|502235.49|502235.49
2496|2017-05-16T00:00:00|407594.11|0.00|197460.48|407594.11
2499|2017-05-16T00:00:00|407594.11|0.00|232875.53|407594.11
2502|2017-05-16T00:00:00|244244.21|0.00|158287.16|244244.21
2503|2017-05-16T00:00:00|244244.21|0.00|159827.61|244244.21
2504|2017-05-16T00:00:00|244244.21|0.00|92962.42|244244.21
2507|2017-05-16T00:00:00|309563.76|0.00|305811.63|309563.76
2509|2017-06-06T00:00:00|5055805.74|0.00|5009746.62|5055805.74
2510|2017-06-27T00:00:00|216546.76|0.00|10896.60|216546.76
2511|2017-06-27T00:00:00|151419.42|0.00|35896.96|151419.42
2512|2017-06-27T00:00:00|618980.25|0.00|453474.61|618980.25
2513|2017-06-27T00:00:00|303289.45|0.00|78871.62|303289.45
2514|2017-07-03T00:00:00|5120000.00|0.00|4329467.50|5120000.00
2515|2017-06-19T00:00:00|70560.00|47040.00|117600.00|117600.00
2516|2019-04-29T00:00:00|4789211.29|0.00|3103525.69|4789211.29
2517|2019-04-29T00:00:00|11480815.63|386935.75|10747499.28|11867751.38
2518|2017-07-07T00:00:00|4812271.16|0.00|1257574.89|4812271.16
2520|2017-07-07T00:00:00|1267950.46|0.00|253984.68|1267950.46
2521|2017-07-07T00:00:00|484514.98|0.00|248002.80|484514.98
2522|2017-07-07T00:00:00|483318.95|0.00|57261.07|483318.95
2526|2017-05-24T00:00:00|5286169.14|2310595.02|5822303.21|7596764.16
2527|2017-07-31T00:00:00|1503831.00|0.00|74590.20|1503831.00
2528|2017-07-31T00:00:00|190559.98|0.00|9998.98|190559.98
2529|2017-06-15T00:00:00|1104000.00|0.00|1008325.00|1104000.00
2530|2017-08-04T00:00:00|1798717.04|1798717.04|5414078.70|3597434.08
2531|2020-03-18T00:00:00|1386500.00|0.00|1251732.00|1386500.00
2532|2017-07-19T00:00:00|890908.00|0.00|0.00|890908.00
2533|2018-03-07T00:00:00|490019.50|0.00|0.00|490019.50
2534|2018-02-23T00:00:00|448527.63|472769.77|921297.40|921297.40
2536|2017-09-30T00:00:00|2932286.65|0.00|1819532.43|2932286.65
2537|2017-08-31T00:00:00|292767.77|0.00|256781.20|292767.77
2538|2017-08-31T00:00:00|348321.70|0.00|146266.07|348321.70
2539|2017-08-31T00:00:00|382764.32|0.00|178608.53|382764.32
2540|2019-02-28T00:00:00|81434.96|0.00|59898.14|81434.96
2541|2019-02-27T00:00:00|618324.70|0.00|525810.36|618324.70
2542|2019-12-05T00:00:00|444591.02|0.00|86689.54|444591.02
2543|2019-12-05T00:00:00|444591.02|0.00|86689.54|444591.02
2544|2019-12-05T00:00:00|444591.02|0.00|86689.54|444591.02
2545|2019-02-28T00:00:00|455518.41|0.00|294209.41|455518.41
2546|2019-02-28T00:00:00|181072.38|0.00|107177.52|181072.38
2547|2019-02-28T00:00:00|440546.80|0.00|191213.91|440546.80
2549|2019-02-28T00:00:00|901138.70|0.00|263481.47|901138.70
2550|2019-02-28T00:00:00|77039.91|0.00|23996.00|77039.91
2551|2019-12-06T00:00:00|727720.95|0.00|104300.97|727720.95
2552|2020-03-17T00:00:00|191867558.23|-216510.89|167785947.82|191651047.34
2553|2017-05-26T00:00:00|163083.35|0.00|137207.59|163083.35
2554|2017-05-26T00:00:00|182334.51|0.00|152495.74|182334.51
2556|2017-08-29T00:00:00|0.00|0.00|520015.15|0.00
2557|2017-08-29T00:00:00|0.00|0.00|281329.14|0.00
2558|2017-08-29T00:00:00|0.00|0.00|271028.65|0.00
2559|2017-08-29T00:00:00|0.00|0.00|1094046.25|0.00
2560|2017-08-29T00:00:00|0.00|0.00|952712.39|0.00
2562|2017-07-11T00:00:00|6926312.84|1627681.16|5468991.96|8553994.00
2563|2017-08-31T00:00:00|426400.00|0.00|265501.98|426400.00
2566|2017-10-16T00:00:00|860100.00|1720200.00|1188257.06|2580300.00
2567|2017-10-16T00:00:00|447746.68|0.00|312417.75|447746.68
2568|2017-03-14T00:00:00|486648.00|0.00|236288.31|486648.00
2570|2017-10-20T00:00:00|15614406.48|5204802.16|15718375.32|20819208.64
2574|2017-05-16T00:00:00|898256.70|0.00|507728.29|898256.70
2575|2017-05-16T00:00:00|1319923.89|-40.24|472555.25|1319883.65
2577|2017-09-27T00:00:00|814638.44|0.00|681904.15|814638.44
2578|2017-05-16T00:00:00|884724.09|0.00|443000.00|884724.09
2579|2017-05-16T00:00:00|770003.46|0.00|630448.04|770003.46
2580|2017-05-16T00:00:00|651333.32|0.00|474853.92|651333.32
2581|2017-05-16T00:00:00|465639.44|0.00|232103.70|465639.44
2582|2017-05-16T00:00:00|198052.39|0.00|134764.96|198052.39
2585|2017-09-20T00:00:00|2145048.91|0.00|0.00|2145048.91
2590|2017-09-05T00:00:00|244386.11|60026.95|199544.31|304413.06
2591|2017-09-05T00:00:00|242186.10|0.00|48285.43|242186.10
2593|2017-09-05T00:00:00|188310.36|60026.95|175897.77|248337.31
2594|2017-09-05T00:00:00|127233.81|0.00|127233.81|127233.81
2595|2017-11-16T00:00:00|12423672.36|0.00|1224973.81|12423672.36
2596|2017-12-22T00:00:00|25170000.00|0.00|0.00|25170000.00
2597|2017-11-16T00:00:00|3429097.95|0.00|2050894.10|3429097.95
2598|2017-10-27T00:00:00|455160.30|93224.85|519771.40|548385.15
2599|2018-03-09T00:00:00|226336.36|51538.84|224523.44|277875.20
2600|2017-10-27T00:00:00|276222.61|28041.00|304262.24|304263.61
2601|2017-10-27T00:00:00|226013.90|15223.50|241236.91|241237.40
2602|2017-12-22T00:00:00|320528.13|0.00|311548.29|320528.13
2603|2017-12-22T00:00:00|322084.36|0.00|297947.61|322084.36
2604|2018-02-22T00:00:00|309943.72|0.00|292988.10|309943.72
2605|2017-10-27T00:00:00|568573.52|0.00|479279.80|568573.52
2606|2017-10-27T00:00:00|550775.79|0.00|437352.35|550775.79
2607|2017-10-27T00:00:00|567511.83|0.00|340428.20|567511.83
2608|2017-10-27T00:00:00|527750.40|0.00|383071.27|527750.40
2609|2017-10-27T00:00:00|565976.32|0.00|544215.07|565976.32
2610|2017-10-27T00:00:00|573503.68|0.00|545739.26|573503.68
2611|2017-10-27T00:00:00|558273.08|0.00|517717.96|558273.08
2612|2017-10-27T00:00:00|323905.40|0.00|292104.14|323905.40
2613|2017-10-27T00:00:00|532273.51|0.00|89053.70|532273.51
2614|2017-10-27T00:00:00|418162.25|0.00|318503.51|418162.25
2615|2017-11-16T00:00:00|1664690.45|0.00|753836.93|1664690.45
2616|2018-08-02T00:00:00|35373473.48|1398086.72|17121611.48|36771560.20
2617|2017-11-16T00:00:00|933599.13|0.00|712068.77|933599.13
2618|2017-11-16T00:00:00|434372.44|68076.18|488330.60|502448.62
2619|2017-10-27T00:00:00|373104.71|0.00|262689.57|373104.71
2620|2017-10-16T00:00:00|3358558.57|0.00|0.00|3358558.57
2621|2017-10-06T00:00:00|494126.09|0.00|495019.00|494126.09
2622|2017-10-06T00:00:00|494126.09|0.00|418476.11|494126.09
2626|2017-10-06T00:00:00|362052.58|0.00|180044.02|362052.58
2627|2017-10-06T00:00:00|276942.55|0.00|70628.22|276942.55
2629|2017-10-06T00:00:00|144821.52|0.00|51927.78|144821.52
2631|2017-10-06T00:00:00|1263001.90|0.00|381467.04|1263001.90
2632|2017-10-06T00:00:00|193239.59|0.00|102877.32|193239.59
2633|2017-10-20T00:00:00|0.00|0.00|0.00|0.00
2634|2017-10-20T00:00:00|0.00|0.00|0.00|0.00
2635|2017-10-20T00:00:00|0.00|0.00|0.00|0.00
2640|2017-10-31T00:00:00|66452.04|0.00|44304.00|66452.04
2641|2017-10-31T00:00:00|173523.30|0.00|105887.14|173523.30
2649|2019-11-30T00:00:00|4730000.00|0.00|9850491.86|4730000.00
2650|2017-10-06T00:00:00|356561.42|0.00|156518.38|356561.42
2651|2019-09-10T00:00:00|7628958.59|-1420858.82|4277334.32|6208099.77
2652|2017-10-06T00:00:00|63126.16|0.00|30536.44|63126.16
2653|2017-11-24T00:00:00|1795559.02|0.00|460058.58|1795559.02
2654|2017-12-04T00:00:00|4530477.93|0.00|1448076.98|4530477.93
2655|2017-10-06T00:00:00|0.00|0.00|0.00|0.00
2656|2017-10-06T00:00:00|0.00|0.00|0.00|0.00
2657|2017-10-06T00:00:00|239440.95|0.00|39037.81|239440.95
2658|2017-11-17T00:00:00|1382147.90|0.00|0.00|1382147.90
2659|2018-01-18T00:00:00|1116890.84|0.00|1116890.84|1116890.84
2660|2018-01-18T00:00:00|139360.76|0.00|131228.60|139360.76
2661|2018-01-18T00:00:00|94794.53|22913.18|117707.71|117707.71
2662|2017-11-16T00:00:00|0.00|0.00|0.00|0.00
2663|2017-11-14T00:00:00|1917619.79|0.00|553688.54|1917619.79
2664|2017-11-14T00:00:00|1851586.12|0.00|284938.00|1851586.12
2665|2017-11-14T00:00:00|1224223.83|0.00|360226.23|1224223.83
2666|2017-11-14T00:00:00|469237.85|0.00|121756.32|469237.85
2667|2017-11-14T00:00:00|237643.89|0.00|18112.27|237643.89
